passage_id,speech_id,date,speaker,title,text,n_words,focus,dict_n_res,dict_n_sup,stance_dict,nli_p_res,nli_p_neu,nli_p_sup,stance_nli,tone,tone_score,stance
S00007_P01,S00007,2019-01-31,Benoît Cœuré,Fintech for the people,"I will argue that a failure to do so may lead to highly undesirable outcomes. It may push people into using unregulated and potentially unsafe ""shadow payments"" that include the likes of bitcoin and other cryptocurrencies. These types of ""shadow payments"" may expose people to large financial risks.",48,general,1,0,-1,0.5924922227859497,0.1987994760274887,0.20870836079120636,-1,-1,0.9987982511520386,-1
S00007_P02,S00007,2019-01-31,Benoît Cœuré,Fintech for the people,"One consequence of financial exclusion from payments is that it may lead to the rise of ""shadow payments"". If people cannot make payments through conventional systems, they may look to unregulated arrangements, such as informal savings clubs, peer-to-peer platforms or cryptocurrencies. In doing so, they may find themselves using payment arrangements that lack operational robustness, appropriate risk management, legal certainty and consumer protection.",63,general,1,0,-1,0.31617921590805054,0.6334428191184998,0.050377942621707916,0,0,0.9828606843948364,0
S00007_P03,S00007,2019-01-31,Benoît Cœuré,Fintech for the people,"According to one study, the average revenue per cross-border transaction is more than $20 across payment methods, values and corridors. These existing barriers to fast, cheap cross-border payments are the main appeal of using unregulated cryptocurrencies, in particular in developing economies where foreign workers want to send money home, and where families want to finance education overseas, in the cheapest and fastest way possible. To date, innovation and competition in cross-border retail payments seem to have been focusing mainly on the front-end of the market, i.e. the one that faces end-users.",91,general,0,3,1,0.09295382350683212,0.8345751166343689,0.07247105985879898,0,0,0.988544762134552,0
S00007_P04,S00007,2019-01-31,Benoît Cœuré,Fintech for the people,"Upgrading and interconnecting our domestic payment systems, which are convenient and have earned public trust, is certainly a complex undertaking. But it can go a long way towards helping us rise to the challenges emerging from currently unsafe crypto-assets. I believe this should be a key priority for international action.",50,usd,0,1,1,0.5903360247612,0.13228829205036163,0.27737563848495483,-1,1,0.9995468258857727,-1
S00007_P05,S00007,2019-01-31,Benoît Cœuré,Fintech for the people,"But they may be able to regulate the broader ecosystem. Authorities are now actively overseeing crypto-asset ""gatekeepers"", such as exchanges and wallets, service providers and financial institutions, with respect to their bitcoin-related activities. A prerequisite for activity-based regulation is stronger international cooperation.",42,general,0,0,0,0.14485198259353638,0.7882326245307922,0.06691544502973557,0,0,0.9998875856399536,0
S00007_P06,S00007,2019-01-31,Benoît Cœuré,Fintech for the people,"New technologies may make regulatory arbitrage an even more prominent concern. Again using bitcoin as an example, banning the cryptocurrency in one jurisdiction does not stop it from being used in that jurisdiction. As a decentralised system, bitcoin will continue to function if a jurisdiction, or even multiple jurisdictions, curtails its use, unless we all pull in the same direction.",60,general,1,0,-1,0.2884605824947357,0.5025609731674194,0.20897847414016724,0,-1,0.7901202440261841,0
S00018_P01,S00018,2019-02-26,Yves Mersch,Lending and payment systems in upheaval: the fintech challenge,"And innovations such as the automated teller machine (ATM), credit cards, electronic payments and internet banking have each changed the face of modern banking. But now we are entering the next phase of the digital age, when the combination of new telecommunications, big data analytics, cryptography and machine learning technologies has the potential to change the whole banking industry in faster and more disruptive ways than ever before. As technology gives new entrants better and cheaper ways to compete for core banking business, banks' dominant position could be challenged.",89,general,1,3,1,0.14285241067409515,0.7379113435745239,0.11923620104789734,0,-1,0.9991416931152344,0
S00037_P01,S00037,2019-05-10,Benoît Cœuré,Cyber resilience as a global public good,"And even more worryingly, we are seeing a new form of organised crime. The dark web is home to a number of networks where access credentials and penetration tools are sold, hacking jobs are allocated to the lowest bidder and proceeds are laundered using cryptocurrencies. The implications for policymakers are clear.",51,general,0,0,0,0.40507209300994873,0.46715471148490906,0.12777318060398102,0,-1,0.867717444896698,0
S00046_P01,S00046,2019-05-27,Benoît Cœuré,Payments for the people,"In other words, cross-border payments still tend to be notably slower, more expensive and more opaque than domestic payments. No wonder, then, that many turn to what I call ""shadow payments"", such as informal networks or unregulated cryptocurrency platforms, that lack proper cyber security, basic risk management, legal certainty or consumer protection. New SWIFT data that the CPMI is publishing today provides further evidence that access to safe and cost-effective cross-border payments is not improving.",75,general,1,0,-1,0.1381891965866089,0.8291721343994141,0.032638683915138245,0,-1,0.97551029920578,0
S00047_P01,S00047,2019-05-29,Yves Mersch,Back to stable,"We are seeing ever more solutions in search of a problem. Bitcoin and other crypto-assets claim to need neither trust nor the backing of a sovereign. They reject the paradigm of state-supported currencies governed by central banks, along with the role of financial institutions as trusted intermediaries. These self-proclaimed currencies, more accurately described as crypto-assets, have proved to be unfit for purpose, demonstrating that well-executed central bank policies are still the only sound basis for stability. Trustless is pointless The original bitcoin vision replaces trust in a dedicated intermediary with cryptographic proof. In other words, any two parties can transact directly with each other as peers without requiring a trusted third party. Their transactions rely on distributed ledger technology (DLT), sometimes floridly referred to as the ""trust engine"" of crypto-assets. By leveraging cryptography and mechanisms to reach consensus among peers in a distributed system, DLT ensures the integrity and security of records which, in a centralised system, would be entrusted to a responsible third party. Users of crypto-assets can therefore depend on the underlying blockchains to avoid double spending and validate ownership. However, trust isn't entirely dispensable.",187,general,0,0,0,0.3364434838294983,0.5170564651489258,0.14650005102157593,0,0,0.9958673715591431,0
S00047_P02,S00047,2019-05-29,Yves Mersch,Back to stable,"Developers and miners perform actions that affect the outcome of public blockchains. Furthermore, the practical usability of crypto-assets relies to a great extent on identifiable intermediaries to act as ""gateways"" between the crypto-asset ecosystem on the one hand and the financial markets and the economy on the other. I have said before that we need to differentiate between ""assets"" such as bitcoin and the technology behind them, such as blockchain.",70,general,0,0,0,0.3774178922176361,0.26375898718833923,0.35882309079170227,-1,0,0.9999489784240723,-1
S00047_P03,S00047,2019-05-29,Yves Mersch,Back to stable,"That said, our role is not to drive technological adoption by the industry and the general public, but to ensure that changing preferences can be satisfied in a secure way. While DLT is a necessary element of crypto-assets, it is not in itself their defining feature. The single distinguishing feature of crypto-assets such as bitcoin is the absence of an underlying claim, which makes it difficult for them to maintain price stability. Crucially, crypto-assets aren't backed by any sovereign authority and, unlike financial instruments, they don't give their holders ownership or contractual rights. Central banks provide confidence in money - as a store of value, unit of account and means of payment - by safeguarding the stability of the currency.",120,general,1,0,-1,0.10351620614528656,0.8104281425476074,0.08605559915304184,0,-1,0.9606900215148926,0
S00047_P04,S00047,2019-05-29,Yves Mersch,Back to stable,"By contrast with traditional currencies, bitcoin has been highly volatile over the past two years. Bitcoin's average volatility in that period was close to 80 %, while many other crypto-assets showed even higher levels of volatility. This makes it impossible to use crypto-assets for anything but outright speculation. Some crypto-assets have recently emerged that strive to minimise fluctuations in value against a currency of reference, but even they are no alternative to the euro. These so-called ""stablecoins"" broadly fall into two categories: those that are backed with an underlying asset and those that rely on an algorithm to continuously match the supply and demand of circulating units. Unsurprisingly, the stablecoins that show the least volatility are those that back every issued unit with an equal amount of fiat currency. Why use a proxy, then, if you can have the real thing - unless the issuers of that proxy seek to interfere with the control of trusted assets circulating in the economy The poor performance of crypto-assets is not an excuse for complacency, but rather a reminder of the importance of the central bank's objective to maintain price stability. Fulfilling this objective is conditional on the independence of the central bank, as ensured by a narrow but clearly defined mandate.",209,general,5,0,-1,0.9895564913749695,0.008512761443853378,0.001930776285007596,-1,0,0.9971320629119873,-1
S00059_P01,S00059,2019-07-04,Philip R. Lane,Welcome address,"As a central bank, understanding the myriad implications of digitalisation for the economy is a high priority: the presentations at this conference will provide us with the latest thinking and new insights, helping us in our economic assessments. Of course, digitalisation is also reshaping financial systems and payment systems, while at the same time stimulating intense interest in concepts such as crypto-assets and central bank digital currencies. However, the focus of this event is on the real economy, so I will not dwell on these other topics today.",88,usd,0,0,0,0.04283222183585167,0.854372501373291,0.10279529541730881,0,0,0.987529993057251,0
S00063_P01,S00063,2019-09-02,Yves Mersch,Money and private currencies: reflections on Libra,"Money and private currencies: reflections on Libra Speech by Yves Mersch, Member of the Executive Board of the ECB, at the ECB Legal Conference, Frankfurt am Main, 2 September 2019 In 1787, during the debates on adopting the US Constitution, James Madison stated that ""[t]he circulation of confidence is better than the circulation of money"". It's telling that Madison chose to use public trust in money as the yardstick for trust in public institutions - money and trust are as inextricably intertwined as money and the state.",87,usd,0,0,0,0.23609600961208344,0.5275927782058716,0.23631121218204498,0,0,0.9740132093429565,0
S00063_P02,S00063,2019-09-02,Yves Mersch,Money and private currencies: reflections on Libra,"The issue of trust in money has resurfaced in the public debate on privately issued, stateless currencies, such as bitcoin, and their promise to serve as reliable substitutes for public money. Today's conference is neither the place nor the time for me to repeat my past statements on the shortcomings of cryptocurrencies and why they do not fulfil the basic tests of what constitutes ""money"". Instead, I will today talk about Libra, Facebook's newly announced private currency. It is scheduled for release in the first half of 2020 by the very same people who had to explain themselves in front of legislators in the United States and the European Union on the threats to our democracies resulting from their handling of personal data on their social media platform.",128,usd,1,0,-1,0.16286034882068634,0.4743422567844391,0.36279740929603577,0,0,0.9993523955345154,0
S00063_P03,S00063,2019-09-02,Yves Mersch,Money and private currencies: reflections on Libra,"There are three key questions here. First, how does Libra differ from other private currencies and from public money? Second, what legal and regulatory challenges does it pose? And third, in the light of its mandate, what position should a central bank like the ECB take towards Libra? The remainder of my speech will be dedicated to these three questions, not with a view to conclusively answering them, but merely to raise awareness of some of the risks of Libra, to question its main premises and, in the process, to highlight the perils of entrusting the smooth processing of payments, the savings of citizens and the stability of the global monetary and financial systems to unaccountable private entities with a questionable track record in matters of trust. So let me turn to my three questions. First, how is Libra different from other private currencies and from public money? Despite the hype surrounding it, Libra is, in some respects, no different from other, established private currencies. Similar to cryptocurrencies, Libra will be issued through a public ledger running on a form of blockchain technology. And similar to e-money, Libra will be distributed to end users electronically in exchange for funds denominated in fiat currencies. But there are some notable differences that are extremely concerning. Libra's ecosystem is not only complex, it is actually cartel-like. To begin with, Libra coins will be issued by the Libra Association - a group of global players in the fields of payments, technology, e-commerce and telecommunications. The Libra Association will control the Libra blockchain and collect the digital money equivalent of seignorage income on Libra. The Libra Association Council will take decisions on the Libra network's governance and on the Libra Reserve, which will consist of a basket of bank deposits and short-term government securities backing Libra coins. Libra-based payment services will be managed by a fully owned subsidiary of Facebook, called Calibra. Finally, Libra coins will be exclusively distributed through a network of authorised resellers, centralising control over public access to Libra. With such a set-up, it is difficult to discern the foundational promises of decentralisation and disintermediation normally associated with cryptocurrencies and other digital currencies. On the contrary, similarly to public money Libra will actually be highly centralised, with Facebook and its partners acting as quasi-sovereign issuers of currency. You may be wondering what the problem is with Libra's centralisation. If public money is also centralised, why should Libra be any different? What the advocates of Libra and other private currencies conveniently gloss over is that, because of its nature as a public good, money has traditionally been an expression of state sovereignty. It is no coincidence that, throughout history, sovereign actors have underpinned all credible and durable currencies.",455,general,3,1,-1,0.4053526818752289,0.5542424321174622,0.04040481150150299,0,0,0.9999639987945557,0
S00063_P04,S00063,2019-09-02,Yves Mersch,Money and private currencies: reflections on Libra,"They can hardly be seen as repositories of public trust or legitimate issuers of instruments with the attributes of ""money"". The high degree of centralisation that is Libra's hallmark, and the concentration of its issuance and distribution networks, are not the only features inhibiting trust. Despite its audacious global currency aspirations, Libra lacks a global lender of last resort. Who will stand behind it in a liquidity crisis situation? Libra is also devoid of the equivalent of a deposit guarantee scheme to protect its holders' interests during a crisis. Moreover, the limited liability of the Libra Association members raises serious questions about their resolve to satisfy the claims of Libra holders with their full faith and credit, as central banks do with public money. Finally, the fact that Libra is backed by a basket of sovereign currency-denominated assets appears to defeat the very purpose of its issuance as a private currency. Why bank on a proxy when one can put one's trust in the genuine article? And how will the potential volume of payment transactions settled in Libra affect the monetary aggregates of its underlying currencies, their objectives and intermediate targets? Let me now turn to my second question, on some of Libra's legal and regulatory challenges. By straddling the divide separating currencies from commodities and payment systems, digitalised private currencies inevitably raise legal and regulatory questions. Libra is no exception. To keep my speech short, I will only address three of these challenges, but rest assured that there are many more. The first challenge concerns Libra's fundamental legal nature. The choice is, essentially, whether to treat Libra as e-money, as a financial instrument or as a virtual currency. Libra does not appear to qualify as e-money, as it does not embody a claim of its holders against the Libra Association. If Libra were to be treated as a transferable security or a different type of financial instrument, both the Libra Association and any other entities engaged in providing investment services through Libra coins would fall within the remit of the Markets in Financial Instruments Directive (MiFID II). Alternatively, if Libra were to qualify as a virtual currency then, under the Fourth Anti-Money Laundering Directive, both Calibra and its authorised resellers would become subject to the Directive's anti-money laundering and counter-terrorism financing obligations, and to its registration requirement. Given the different regulatory implications of Libra's legal characterisation, regulatory intervention is essential, to either confirm Libra's classification under one of the existing legal and regulatory frameworks, or to create a dedicated regime adjusted to its specificities. A second challenge is to ensure that the relevant EU and Member State regulatory and supervisory authorities can assert jurisdiction over Libra and its network. But how can this be done when the entities behind Libra are located outside the EU? One way would be to require national custody of a share of the Libra Reserve funds equivalent to the amount of Libra in circulation in any given EU Member State. But there may be other ways to ensure effective public control over Libra and its network, and these are worth exploring. Ensuring that payment systems are safe and accessible and exercising control over the financial market infrastructures that underpin our economies will remain public good objectives.",542,general,5,0,-1,0.5420535206794739,0.41766947507858276,0.04027700424194336,-1,0,0.9999414682388306,-1
S00063_P05,S00063,2019-09-02,Yves Mersch,Money and private currencies: reflections on Libra,"The third challenge is the need for cross-border cooperation and coordination. Because Libra will be used across borders, it is a matter of international interest. Its global nature would also call for a global regulatory and supervisory response to avoid regulatory arbitrage, ensure consistency of outcomes and guarantee the efficiency of public policy responses to Libra. There are welcome signs that the global community is already working together to mitigate Libra's risks. Both the G7 and the Committee on Payments and Market Infrastructures have evaluated Libra, with an emphasis on its potential use in money laundering and terrorist financing. Further work is expected by the G20, the Financial Stability Board and other fora with a stake in the stability of the global monetary and financial system. Finally, I would like to say a few words about the ECB's general stance towards financial innovations such as Libra. The ECB's Treaty-based tasks include defining and implementing the single monetary policy and promoting the smooth operation of payment systems.",166,general,2,3,1,0.7686405181884766,0.14349232614040375,0.08786717057228088,-1,0,0.986585259437561,-1
S00063_P06,S00063,2019-09-02,Yves Mersch,Money and private currencies: reflections on Libra,"In the context of monetary policy, the ECB takes a close interest in market innovations that could directly or indirectly affect the Eurosystem's control over the euro or shift some of its monetary policy to third parties. Depending on Libra's level of acceptance and on the referencing of the euro in its reserve basket, it could reduce the ECB's control over the euro, impair the monetary policy transmission mechanism by affecting the liquidity position of euro area banks, and undermine the single currency's international role, for instance by reducing demand for it. In the context of the smooth operation of payment systems, the ECB takes a close interest in market innovations that seek to replace the euro with alternative settlement currencies or create new and autonomous payment channels. Although some of Libra's aims are legitimate, reductions in cross-border fund transfer costs and other efficiency gains can also be obtained through established instant payment solutions. The Eurosystem recently launched the TARGET Instant Payment Settlement service, or TIPS - a pan-European, 24/7 settlement service for instant payments.",175,general,1,6,1,0.576734721660614,0.2657507061958313,0.1575145274400711,-1,-1,0.9993942975997925,-1
S00063_P07,S00063,2019-09-02,Yves Mersch,Money and private currencies: reflections on Libra,"The stance of central banks towards modern forms of money is bound to evolve with time, and central bankers have embraced technological developments in the field of money and will continue to explore helpful new innovations. But the rise of cryptocurrencies and other forms of privately issued instruments that can only fulfil some, but not all, of the functions of money is unlikely to fundamentally upset the two truths I just described. If anything, it will serve as a useful reminder of central banks' pivotal role as responsible stewards of public trust in money, and stress the need for vigilance towards phenomena capable of undermining public trust in the financial system.",111,general,1,2,1,0.05153901129961014,0.7373294234275818,0.21113160252571106,0,0,0.6411834359169006,0
S00068_P01,S00068,2019-09-17,Benoît Cœuré,Digital challenges to the international monetary and financial system,"By some measures, it has taken on an even greater role. Today, the discussion is about so-called ""stablecoins"" - crypto-assets with value-stabilising characteristics. Although private digital forms of money have been around for decades, Facebook's large installed customer base suggests that Libra could be the first private initiative to have a truly global footprint from day one. Facebook has over 2.4 billion users - more than a quarter of the world population.",72,general,0,0,0,0.06297055631875992,0.6019861102104187,0.3350432515144348,0,1,0.9687734246253967,0
S00068_P02,S00068,2019-09-17,Benoît Cœuré,Digital challenges to the international monetary and financial system,"WhatsApp and Instagram, both owned by Facebook, have 1.6 billion and 1 billion users each. Global ""stablecoin"" initiatives can make international payments cheaper and faster and support financial inclusion. But they raise formidable challenges across a broad range of policy domains: operational robustness, safety and soundness as payment systems, customer protection, risks to financial stability and monetary sovereignty, and, last but not least, data protection and compliance with anti-money laundering and terrorism financing rules.",74,general,3,3,0,0.7648986577987671,0.20738637447357178,0.027714965865015984,-1,-1,0.8338800072669983,-1
S00068_P03,S00068,2019-09-17,Benoît Cœuré,Digital challenges to the international monetary and financial system,"Some public authorities already expressed strong concerns, suggesting that regulatory hurdles will be set very high for these initiatives to get off the ground. Partly in response to these concerns, a G7 working group has been mandated to examine global ""stablecoins"" in more detail. The group is expected to provide policy recommendations to G7 Ministers and Governors by the time of the IMF-World Bank Annual Meetings in October this year.",70,general,2,0,-1,0.9737183451652527,0.024271322414278984,0.0020103398710489273,-1,0,0.9959412813186646,-1
S00068_P04,S00068,2019-09-17,Benoît Cœuré,Digital challenges to the international monetary and financial system,"The Financial Stability Board has also started looking into the regulatory implications of these initiatives. In my remarks this evening, I would like to discuss whether Libra, or similar global ""stablecoin"" initiatives, may be a contender for the Iron Throne of the dollar. I will start by discussing the factors that distinguish the discussion today from previous discussions.",58,usd,0,0,0,0.48089292645454407,0.10317862778902054,0.415928453207016,-1,0,0.9998162388801575,-1
S00068_P05,S00068,2019-09-17,Benoît Cœuré,Digital challenges to the international monetary and financial system,"For this reason, central banks worldwide have adopted price stability as their primary mandate. And this is why unstable crypto-assets, such as bitcoin, whose price in fiat currencies is highly volatile, will never be able to serve as a reliable means of payment. ""Stablecoins"", if they meet their promise of stability, are the natural next step in the evolution of digital assets. This was already understood nearly 50 years ago when Friedrich Hayek proposed abolishing the government monopoly on money issuance, arguing that competitive forces would exert disciplinary effects on issuers and incentivise them to provide stable money.",98,general,2,1,-1,0.02767438441514969,0.021490538492798805,0.9508350491523743,1,1,0.8498182892799377,1
S00068_P06,S00068,2019-09-17,Benoît Cœuré,Digital challenges to the international monetary and financial system,"And around 40% of European websites do not sell to consumers based in other member states, while almost 80% of online sales are domestic. Put differently, it is probably easier to connect a new currency to an existing network - the case of Libra - than to build a new network on an existing currency - the case of the euro. Few retailers have seen the introduction of the euro as an opportunity to build a pan-European network around it.",80,general,0,1,1,0.165492981672287,0.6890354156494141,0.14547164738178253,0,0,0.541208803653717,0
S00068_P07,S00068,2019-09-17,Benoît Cœuré,Digital challenges to the international monetary and financial system,"With or without the euro, the single market for services remains incomplete. Global ""stablecoin"" initiatives could work in reverse. They could turn the nature of payments on its head.",29,general,0,0,0,0.48677873611450195,0.35976704955101013,0.15345421433448792,-1,-1,0.9999798536300659,-1
S00068_P08,S00068,2019-09-17,Benoît Cœuré,Digital challenges to the international monetary and financial system,"Private digital currencies that run through a distributed ledger have arguably restored anonymity in the virtual world, making them prone to being used to finance illegal activities, such as tax evasion or terrorism. To pass the test of faith, therefore, any ""stablecoin"" initiative will have to conform to international anti-money laundering and know-your-customer regulations. But assuming they do comply with the applicable regulations, ""stablecoins"" could differentiate themselves according to how much personal data they collect and process. Some could use or sell customer data, whereas others may give priority to protecting the privacy of their customers.",96,general,1,0,-1,0.5349509119987488,0.41739940643310547,0.04764973372220993,-1,0,0.9954574108123779,-1
S00068_P09,S00068,2019-09-17,Benoît Cœuré,Digital challenges to the international monetary and financial system,"Preserving the status quo A first possible equilibrium may simply be the status quo. Concerns expressed about Libra in large parts of the world, including in the United States, has been considerable. Some governments have already announced their intention to ban Libra, if and when it gets up and running. In other words, the standards required to preserve safety against theft, fraud and operational failures may prove too demanding, or too costly, for many initiatives to get off the ground.",80,usd,2,0,-1,0.9503757357597351,0.0481734536588192,0.0014508876483887434,-1,-1,0.9996933937072754,-1
S00068_P10,S00068,2019-09-17,Benoît Cœuré,Digital challenges to the international monetary and financial system,"Other initiatives can help meet growing consumer demand for payment services that work across borders and that are faster, cheaper and easier to use than current payment systems. Libra has undoubtedly been a wake-up call for central banks to strengthen their efforts to improve existing payment systems. This by itself is undoubtedly a win-win situation for the global community.",59,general,0,3,1,0.004750451073050499,0.0037019948940724134,0.9915475845336914,1,1,0.9999995231628418,1
S00068_P11,S00068,2019-09-17,Benoît Cœuré,Digital challenges to the international monetary and financial system,"Their experiments with the ""e-krona"" and ""e-peso"" provide useful food for thought. The People's Bank of China has also reportedly accelerated plans for its own digital currency in response to Libra. The costs and benefits of issuing a global synthetic currency have been discussed since John Maynard Keynes' Bancor proposal and are far beyond the scope of this speech.",59,general,0,1,1,0.0736842006444931,0.5855492949485779,0.3407664895057678,0,0,0.9943927526473999,0
S00068_P12,S00068,2019-09-17,Benoît Cœuré,Digital challenges to the international monetary and financial system,"Currency substitution would be one of them. The ""stablecoinisation"" would likely start in economies with stubbornly high inflation or weak institutions - Gresham's law in reverse. The decline in the prime legal tender would, in turn, undermine the effectiveness of monetary policy in these economies. But unlike ""traditional"" currency substitution, ""stablecoinisation"" would potentially relegate key policies that belong to the public sphere to private payment system providers - an outcome which citizens clearly cannot accept. Global ""stablecoins"" would likely also increase capital flow volatility, with potential effects on exchange rates and financial conditions, and hence on domestic inflation outcomes. Small open economies, for example, could seek to introduce or increase capital controls to limit or offset such fluctuations, in particular if capital flows are one-sided. In other jurisdictions with deep and liquid financial markets, purchases of safe assets by global ""stablecoin"" issuers could compress term premia by increasing scarcity, and thereby reinforce or offset the actions taken by domestic central banks. In other words, the journey towards digital currency areas would be long and full of perils.",177,general,4,0,-1,0.5896419882774353,0.37800902128219604,0.032348986715078354,-1,-1,0.9794187545776367,-1
S00068_P13,S00068,2019-09-17,Benoît Cœuré,Digital challenges to the international monetary and financial system,"Ultimately, however, the shape of the international monetary and financial system would be determined by two factors: the citizens' appetite for being part of global networks, or not, and differences in tastes and preferences, including about privacy. Conclusion Wherever our journey takes us, and with this I would like to conclude, global ""stablecoin"" initiatives, such as Libra, will prove disruptive in one way or another. They are the natural result of rapid technological progress, globalisation and shifting consumer preferences.",79,usd,1,1,0,0.09241766482591629,0.6589457988739014,0.24863652884960175,0,0,0.8977315425872803,0
S00068_P14,S00068,2019-09-17,Benoît Cœuré,Digital challenges to the international monetary and financial system,"In addition, about two-thirds of official foreign exchange reserves are invested in the US dollar. For more details on ""stablecoin"" initiatives, see e.g. Bullmann, D., J.",26,usd,0,0,0,0.01932031847536564,0.9434113502502441,0.037268348038196564,0,0,0.9999932050704956,0
S00068_P15,S00068,2019-09-17,Benoît Cœuré,Digital challenges to the international monetary and financial system,"In reality, current private crypto-assets only allow for pseudo-anonymity, as all transactions are publicly recorded. But users do not necessarily have to reveal their true identities.",26,general,0,0,0,0.0914413332939148,0.8375852108001709,0.07097342610359192,0,0,0.9999797344207764,0
S00068_P16,S00068,2019-09-17,Benoît Cœuré,Digital challenges to the international monetary and financial system,"During periods of financial stress, some emerging market and developing economies may see outflows of commercial bank deposits into ""stablecoins"". This might reduce domestic financial intermediation, accelerate capital outflows and increase exchange rate volatility.",34,general,1,0,-1,0.1970306932926178,0.7565499544143677,0.04641934484243393,0,-1,0.9997947812080383,0
S00068_P17,S00068,2019-09-17,Benoît Cœuré,Digital challenges to the international monetary and financial system,"And they could increase scarcity of safe assets in the major banking sectors and complicate open market operations, as eligible collateral becomes scarcer. This would be the case provided that flows into global ""stablecoins"" do not come exclusively from flows out of deposits in those same banking sectors.",48,general,0,0,0,0.7961167097091675,0.1549232453107834,0.048960063606500626,-1,-1,0.8681561350822449,-1
S00072_P01,S00072,2019-09-25,Benoît Cœuré,Introductory remarks,"SPEECH Berlin, 25 September 2019 Introductory remarks Hearing of Benoît Cœuré , Member of the Executive Board of the ECB, organised by the Committee on the Digital Agenda on the topic of ""Digital currencies, focusing on Libra"", Deutscher Bundestag It is my pleasure to join you today to discuss the topic of digital currencies, focusing on Libra. Payment systems have always been at the heart of finance but they have attracted heightened interest recently.",74,general,0,0,0,0.03705732524394989,0.7985973358154297,0.16434529423713684,0,0,0.9998636245727539,0
S00072_P02,S00072,2019-09-25,Benoît Cœuré,Introductory remarks,"Sadly, the cost of cross-border remittances imposes the greatest burden on those who are least able to bear it. A number of so-called ""stablecoin"" initiatives, backed by large technology or financial firms and built on blockchain technology, are designed to address at least one and, in the case of Libra, both of these failings. Although private digital forms of money have been around for decades, these new initiatives have access to large networks of existing users and customers, which suggests that they could be the first to have a truly global footprint.",92,general,0,0,0,0.2776477336883545,0.470960795879364,0.2513914108276367,0,0,0.9924418926239014,0
S00072_P03,S00072,2019-09-25,Benoît Cœuré,Introductory remarks,"Of particular concern are the risks related to anti-money laundering and countering the financing of terrorism, as well as consumer and data protection, cyber resilience, fair competition and tax compliance. Partly in response to these concerns, a working group has been mandated by G7 finance ministers and central bank governors to examine global ""stablecoins"" in more detail. The group is expected to provide policy recommendations by the time of the IMF-World Bank Annual Meetings in October this year.",78,general,4,0,-1,0.9664919376373291,0.030909422785043716,0.0025985778775066137,-1,0,0.9946171641349792,-1
S00072_P04,S00072,2019-09-25,Benoît Cœuré,Introductory remarks,"In the European Union, for example, it is the role of the European Commission, together with Member States, the ECB and relevant authorities, to review whether the current framework is fit for purpose. Significant work and further engagement with the public and authorities will be required before we can expect any potential global ""stablecoin"" arrangements to be approved by the relevant authorities (BIS, 2019). ""Stablecoin"" initiatives also need to demonstrate a sound legal basis. The global nature of these initiatives means that potential conflicts of laws across jurisdictions need to be addressed. Ambiguity can make ""stablecoin"" arrangements vulnerable to a loss of confidence - an unacceptable risk in a global payments system with potentially systemic importance. Given that many of the ""stablecoins"" target retail users, it is critical that the rights of coin holders and the obligations of issuers be clearly communicated and legally precise. ""Stablecoins"" also rely on new entrants to the market operating nascent technology, which can potentially deliver new benefits to consumers but is largely untested in a real-world environment and on the scale required to run a global payments system. They are also being governed in new ways, using a distributed model.",196,general,2,1,-1,0.6341454386711121,0.3508155345916748,0.015038996003568172,-1,0,0.9940392971038818,-1
S00072_P05,S00072,2019-09-25,Benoît Cœuré,Introductory remarks,"Consequently, their governance structures need to be well understood. If ""stablecoins"" become widely used, they could also give rise to issues related to monetary policy transmission and financial stability (Cœuré, 2019b). Where a ""stablecoin"" acts as a substitute for fiat currency, there may be the risk of the monetary sovereignty of countries being infringed. Furthermore, the transmission of monetary policy could be affected if ""stablecoin""-denominated credit or overdraft extensions are provided. Finally, financial stability will be affected if the assets underlying ""stablecoin"" arrangements are not managed in a sufficiently safe and prudent manner to ensure that coin holders have confidence that their coins are redeemable at par, in good times and in bad. All things considered, Libra has undoubtedly been a wakeup call for central banks and policymakers. Global ""stablecoin"" initiatives are the natural result of rapid technological progress, globalisation and shifting consumer preferences. The demand for fast, reliable and cheap cross-border payments is bound to grow further in coming years.",161,general,2,2,0,0.9325254559516907,0.06220843270421028,0.005266149528324604,-1,-1,0.949396550655365,-1
S00072_P06,S00072,2019-09-25,Benoît Cœuré,Introductory remarks,"Benoît Cœuré is also Chair of the Committee on Payments and Market Infrastructures (CPMI) and Chair of the G7 working group on stablecoins. The views expressed are not necessarily those of the CPMI, the Bank for International Settlements or the ECB.",41,general,0,0,0,0.07398048043251038,0.8328160643577576,0.09320346266031265,0,0,0.9999979734420776,0
S00081_P01,S00081,2019-10-18,Mario Draghi,IMFC Statement,"It is therefore important to recall that a central bank's credibility and, ultimately, the successful fulfilment of its mandate hinge on its ability to choose the appropriate policies independently. Innovations in payment systems Finally, as regards innovations in payment systems, depending on their design, stablecoins may help overcome current shortcomings, especially in cross-border payments. At the same time, stablecoins can affect the conduct and transmission of monetary policy and may have implications for the functioning of the international monetary system. Global stablecoin arrangements now under discussion could impact the safety and efficiency of market infrastructures and payments or pose risks to financial stability. Stablecoin arrangements also raise challenges related to anti-money laundering and terrorist financing, consumer protection, data privacy and other issues. They must therefore be appropriately designed and operated in accordance with public policy objectives and they must comply with the relevant regulatory, oversight and prudential standards under the ""same business, same risk, same rules"" principle before they go live.",161,general,3,3,0,0.5946817398071289,0.37404006719589233,0.031278181821107864,-1,0,0.9388006329536438,-1
S00083_P01,S00083,2019-10-30,Sabine Lautenschläger,A Call for Europe,"At the moment there are only a handful of large payment service providers offering pan-European payment services. New payment methods are being developed, such as Facebook's planned digital currency, Libra, and its underlying payment system. According to current plans, users across the globe should be able to make payments not in euro or US dollars, but in Libra. We will need to carefully monitor how this will affect competition, because a lack of competition can impair the efficiency and quality of services in the long term, to the detriment of consumers.",91,usd,0,1,1,0.16843731701374054,0.794836163520813,0.036726560443639755,0,-1,0.9181864857673645,0
S00097_P01,S00097,2019-11-26,Benoît Cœuré,Towards the retail payments of tomorrow: a European strategy,"The first relates to the untested nature of some initiatives. Global stablecoin arrangements, for example, raise potential risks across a broad range of policy domains, such as legal certainty, investor protection, financial stability and compliance with anti-money laundering requirements. Public authorities have made clear that the bar will be set very high for these stablecoin initiatives to be allowed to operate. The second risk relates to the autonomy and resilience of European payments systems.",74,general,3,0,-1,0.9240464568138123,0.07161244750022888,0.0043410612270236015,-1,-1,0.9992758631706238,-1
S00102_P01,S00102,2019-12-02,Christine Lagarde,Hearing at the Committee on Economic and Monetary Affairs of the European Parliament,"So are the public's needs and demands. The ongoing discussion around so-called stablecoins offers a glimpse of the changes that might come. This phenomenon could disrupt the current payments landscape, with spillover effects for monetary policy transmission, financial stability and the international monetary system more broadly.",46,general,1,0,-1,0.12764336168766022,0.7029420137405396,0.1694146692752838,0,-1,0.9992712140083313,0
S00102_P02,S00102,2019-12-02,Christine Lagarde,Hearing at the Committee on Economic and Monetary Affairs of the European Parliament,"But driving change also means identifying and managing the risks that come with breaking new ground. Innovations - including stablecoins - will only be beneficial if the associated risks are mitigated through effective regulation and oversight. So I believe we should follow the golden rule of supervision: ""same business, same risk, same rules"". We must ensure that stablecoins do not compromise the safety and efficiency of the payment system or the soundness and stability of the financial and monetary system. And this is all the more important for stablecoins with a global reach. The G7 Working Group chaired by my fellow Executive Board member Benoît Cœuré has made clear recommendations with a view to developing a globally consistent approach to their regulation and oversight.",124,general,3,2,-1,0.9597938060760498,0.020577920600771904,0.019628196954727173,-1,1,0.541178286075592,-1
S00102_P03,S00102,2019-12-02,Christine Lagarde,Hearing at the Committee on Economic and Monetary Affairs of the European Parliament,"The ECB is ready to play its part and is already collaborating with other central banks and international authorities to that end. We are also reviewing our oversight framework to capture innovative payment solutions, including stablecoin arrangements. In doing so, we are following a risk-based and proportionate approach.",48,general,1,1,0,0.2662702798843384,0.6069494485855103,0.12678030133247375,0,0,0.9998962879180908,0
S00102_P04,S00102,2019-12-02,Christine Lagarde,Hearing at the Committee on Economic and Monetary Affairs of the European Parliament,"See the ECB's website. See G7 Working Group on Stablecoins, Investigating the impact of global stablecoins.",16,general,0,0,0,0.10058601200580597,0.856972873210907,0.04244101420044899,0,0,0.9997668862342834,0
S00104_P01,S00104,2019-12-13,Luis de Guindos,Financial innovation for inclusive growth: a European approach,"These facts and figures should not come as a surprise to anyone in this room. Yet they caused quite a stir earlier this year, and rightly so, when global stablecoin initiatives made headlines by pledging to address these long-standing issues. ""Same business, same risk, same rules"" So can stablecoins deliver on their promises? Retail stablecoins could be accessed and used for making payments irrespective of whether their users have a bank account. In principle, retail stablecoins could provide a functional means of payment and even serve as a gateway for other financial services - two of the three fundamental functions of transaction accounts. The third is to safely store value, but I will cover that separately. Global stablecoin initiatives are built on a sufficiently broad network to maximise acceptance for a wide range of use cases and are designed to work across country borders. Stablecoin ecosystems could also potentially integrate additional financial products offered by financial institutions acting as partners, should the latter decide to play an important role in this area. However, to increase financial inclusion, retail stablecoins must successfully address outstanding issues such as high costs, a cash-in/cash-out infrastructure, identification and know-your-customer requirements. These are formidable barriers to overcome. Moreover, stablecoins must be designed and implemented so that they do not compromise other public objectives such as anti-money laundering and consumer protection -to name just two. We must also recognise that a stablecoin's business model is based, first and foremost, on its ability to minimise fluctuations in its price relative to fiat currencies. Stablecoins therefore promise users a stable value and the possibility to exchange their holdings at all times. But these are not bank deposits in your fiat currency. The value of a stablecoin will crucially depend on its governance, risk management and the value of the underlying assets or funds portfolio. A mere promise that proceeds from the sales of coins will be invested in low-risk financial instruments will not be enough to ensure the stability of the coin.",333,general,4,1,-1,0.13592806458473206,0.7904213666915894,0.07365056127309799,0,0,0.974550724029541,0
S00104_P02,S00104,2019-12-13,Luis de Guindos,Financial innovation for inclusive growth: a European approach,"The industry should therefore responsibly manage users' expectations, making it clear that losses could occur and they would not be covered by the traditional financial stability net, which includes deposit guarantee schemes and central banks' role as lenders of last resort. In this respect, the term stablecoin is a misnomer. They are not stable and they are not coins, for that matter. So it is far from certain that stablecoins can deliver on their promises, and it is clear that they could pose risks to consumers and the financial system. It is therefore understandable that authorities around the world are calling for stablecoins to be regulated. The same rules must be applied to all activities that give rise to the same risks, irrespective of the technologies used or the identity of the service providers.",134,general,3,0,-1,0.9920002818107605,0.006854800973087549,0.0011449611047282815,-1,0,0.9697790145874023,-1
S00104_P03,S00104,2019-12-13,Luis de Guindos,Financial innovation for inclusive growth: a European approach,"Similarly, portraying existing financial products as something new by using innovative technologies to circumvent regulation must not be rewarded. Challenges for both private and public sectors The announcement of the ""Libra"" global stablecoin initiative was a wake-up call for both the private and the public sectors to press ahead and make further progress on issues such as cross-border payments. We must admit that there is indeed an unmet consumer demand for payment services that are faster, cheaper and easier to use and that can work across borders.",87,general,0,4,1,0.9141032099723816,0.05734504014253616,0.028551748022437096,-1,-1,0.9964534044265747,-1
S00104_P04,S00104,2019-12-13,Luis de Guindos,Financial innovation for inclusive growth: a European approach,"In particular, the European instant payments landscape remains fragmented, with no European solution emerging for point-of-sale and online payments. The public sector is already responding to the advent of stablecoins in a coordinated manner. Work is underway under the umbrella of the G20 to assess their risks, examine the applicability of the existing rules, and identify gaps in the current regulatory and oversight framework. Given the cross-border nature of global stablecoin arrangements, such international coordination is crucial to ensure consistency across borders and prevent regulatory arbitrage. Otherwise, providers of stablecoins, or any new financial services for that matter, will have every incentive to operate in the most lenient regulatory environment. We have to make sure that there is no scope for regulatory arbitrage.",123,general,2,1,-1,0.9106852412223816,0.07979992032051086,0.00951483752578497,-1,0,0.9993688464164734,-1
S00104_P05,S00104,2019-12-13,Luis de Guindos,Financial innovation for inclusive growth: a European approach,"For this reason, we need to have information-sharing arrangements in place and rely on cooperative oversight where appropriate. Putting the response to stablecoins aside, there is no shortage of initiatives from central banks' and standard-setting bodies to increase their knowledge of technological innovations and their implications for the financial sector. Indeed, a number of internationally coordinated efforts have tackled issues related to financial inclusion and remittances.",66,general,0,2,1,0.2777319550514221,0.6852083206176758,0.037059683352708817,0,0,0.9767131209373474,0
S00104_P06,S00104,2019-12-13,Luis de Guindos,Financial innovation for inclusive growth: a European approach,"The aim is to future-proof the existing Eurosystem oversight frameworks for payment instruments, schemes and arrangements by applying a holistic, agile and functional approach. In accordance with its mandate the ECB, together with Eurosystem central banks, is preparing to apply its oversight framework for payment systems to innovative projects, including stablecoin arrangements. As the payments landscape continues to evolve, we will work with other international authorities to ensure that the Eurosystem requirements remain relevant by closing any gaps that innovative solutions might create.",83,general,0,2,1,0.403866708278656,0.4953608512878418,0.10077233612537384,0,0,0.9302980303764343,0
S00104_P07,S00104,2019-12-13,Luis de Guindos,Financial innovation for inclusive growth: a European approach,"Ibid. See also ""Joint statement by the Council and the Commission on 'stablecoins'"", 5 December 2019. See Frost, J., Gambacorta, L., Huang Y., Shin, H. and Zbinden, P.",28,general,0,0,0,0.09653372317552567,0.7895347476005554,0.1139315590262413,0,0,0.9999806880950928,0
S00151_P01,S00151,2020-09-10,Christine Lagarde,Payments in a digital world,"These firms' well-established user networks give them a unique advantage in the payments industry. More than a quarter of the world's population are active users of Facebook, which could give its Libra project a global footprint from the outset. And it is not unlikely that other large technology firms enter the playing field, too.",54,general,0,0,0,0.016527976840734482,0.5936400890350342,0.38983193039894104,0,1,0.9999998807907104,0
S00171_P01,S00171,2020-10-22,Fabio Panetta,On the edge of a new frontier: European payments in the digital age,"A properly designed oversight framework is necessary to guarantee competition and innovation in the payments market, while limiting the risks that new products and new players may generate. To avoid regulatory arbitrage and ensure a level playing field, it is critical that issuers and service providers of significant stablecoins are also regulated, supervised and overseen at European level. The European Commission's legislative proposals on crypto-assets (MiCA) are an important step in this regard. Together with its proposal on digital operational resilience (DORA) and our revised oversight framework, they will address the broader risks and threats posed by new products and players.",101,general,3,1,-1,0.737150251865387,0.24410377442836761,0.01874593459069729,-1,0,0.7345135807991028,-1
S00175_P01,S00175,2020-11-04,Fabio Panetta,The two sides of the (stable)coin,"Thanks to their global footprint, they are uniquely positioned to offer services in the area of global cross-border transactions, where current solutions are low quality and expensive. This is the backdrop against which stablecoins have emerged. They could be used by the big techs to offer innovative payment solutions that work both within and across national borders. While stablecoin initiatives are still in their infancy, they should be carefully analysed as they could radically transform the payments landscape. Today, I will discuss the potential advantages and risks of stablecoins, and their implications for the payments market, the financial sector and the overall economy. I will then turn to the forward-looking policies that are needed to steer innovation towards welfare-enhancing outcomes. Two sides of the same (stable)coin Stablecoins are digital units of value designed to minimise fluctuations in their price against a reference currency or basket of currencies. To this end, some stablecoin initiatives pledge to hold a reserve of State-issued currencies or other assets against which stablecoin holdings can be redeemed or exchanged. Stablecoins became the subject of heated debate last year, after the technology giant Facebook and its partners announced their own global stablecoin, Libra. Global stablecoins are initiatives which aim to achieve a global footprint , without necessarily relying on existing payment schemes and clearing and settlement arrangements. For example, Libra is an integrated construct that simultaneously encompasses a new settlement asset, a new payment rail and new end-user solutions. Global stablecoins could drive further innovation in payments, responding to the need for cross-border payments and remittances that are more efficient and cheaper. Indeed, the Financial Stability Board has proposed a roadmap to enhance cross-border payments that recognises a role for sound global stablecoin arrangements. The flip side of stablecoins is the host of risks they can pose to our social and economic life. For example, data-driven models could pose a risk of misuse of personal information for commercial or other purposes, which could jeopardise privacy and competition and harm vulnerable groups. Another concern is that wide acceptance of stablecoins offered by foreign companies would make European payments dependent on technologies designed and governed elsewhere. This could raise potential issues of traceability in the fight against money laundering, terrorist financing and tax evasion.",375,general,7,5,-1,0.609527587890625,0.31122833490371704,0.07924411445856094,-1,1,0.7007499933242798,-1
S00175_P02,S00175,2020-11-04,Fabio Panetta,The two sides of the (stable)coin,"Risks to financial stability and monetary sovereignty Other risks involve the monetary and financial system. In fact stablecoins, if widely adopted, could threaten financial stability and monetary sovereignty. As I mentioned earlier, stablecoin issuers often promise that their stablecoins can be converted into fiat currencies. But this promise generally differs significantly from the convertibility mechanism for bank deposits or e-money.",60,general,5,0,-1,0.4877488315105438,0.48914653062820435,0.023104609921574593,0,0,0.6254445910453796,0
S00175_P03,S00175,2020-11-04,Fabio Panetta,The two sides of the (stable)coin,"The value and safety of e-money holdings are protected by the fact that e-money issuers must hold customer funds in custody by third parties. These safeguards may not apply to stablecoins, which are therefore vulnerable to runs. If the issuer does not guarantee a fixed value, the price of the stablecoin will vary with the value of the reserve assets, and a run could occur whenever users - who bear all the risks - expect a decrease in the redemption price of the stablecoin. But a run could also occur if issuers do guarantee a fixed value of the stablecoin, if they are perceived as being incapable of absorbing losses. Moreover, the need to cover redemptions could force the stablecoin issuer to liquidate assets, generating contagion effects throughout the entire financial system. In the case of a global stablecoin, this would affect multiple markets at once. The payment network of a systemic stablecoin arrangement could also be a source of instability. Stablecoin arrangements are payment systems, insofar as they permit the transfer of value between stablecoin holders. Moreover, stablecoin arrangements can qualify as a payment scheme. Just like any other payment system or scheme, if liquidity, settlement, operational and cyber risks are not properly managed, they may threaten the functioning of stablecoin arrangements and lead to systemic instability. Large investments in safe assets by stablecoin issuers could have implications for monetary policy. By affecting the availability of safe assets, these issuers could influence the level and volatility of real interest rates, with potentially undesirable consequences for financial conditions from a monetary policy perspective.",263,general,10,0,-1,0.9028412699699402,0.09494998306035995,0.0022087048273533583,-1,0,0.8292001485824585,-1
S00175_P04,S00175,2020-11-04,Fabio Panetta,The two sides of the (stable)coin,"Market functioning could also be negatively affected. Furthermore, to the extent that stablecoins are used as a store of value, a large shift of bank deposits to stablecoins may influence banks' operations and the transmission of monetary policy. Extreme scenarios are probably not around the corner. Under current conditions, the reserve assets of the stablecoin issuers would be remunerated negatively , so non-interest-bearing stablecoins would hardly be viable unless they were subsidised by the issuer. We must nonetheless remain alert to possible developments that may affect how a central bank exercises its core mandate. Risks would seemingly be mitigated by allowing stablecoin issuers to deposit funds in accounts at the central bank. This would eliminate custody and investment risks for stablecoins and underpin their issuers' commitment to redemption at par value into fiat currencies. But other fundamental problems would then emerge. In fact, the perceived safety of a private settlement asset - the stablecoin - would come at the risk of relegating other settlement assets, especially public assets, to a minor role. A large take-up of stablecoins could replace sovereign money - a public good offered for centuries by the State to its citizens - with a ""club good"", whereby payment services are offered to a select group of people in exchange for platform membership and personal data. This would not be acceptable.",223,general,3,0,-1,0.9861057996749878,0.013216898776590824,0.0006773495697416365,-1,-1,0.998916745185852,-1
S00175_P05,S00175,2020-11-04,Fabio Panetta,The two sides of the (stable)coin,"And we should safeguard the sovereignty of public money. Market structure, competitiveness and technological autonomy Stablecoins would profit from the comparative advantages that characterise big tech business models and their control of large platforms. They could therefore amplify the risks inherent to big tech's expansion in the payments market.",49,general,3,1,-1,0.8867621421813965,0.020482270047068596,0.09275560826063156,-1,1,0.9999997615814209,-1
S00175_P06,S00175,2020-11-04,Fabio Panetta,The two sides of the (stable)coin,"The advantages of big tech firms are largely based on the control of crucial infrastructure for commerce and economic activity across Europe - from online marketplaces to social media and mobile technologies. If access to this infrastructure by third-party payment solutions were unduly restricted to benefit a stablecoin issuer, competition and consumer choice might be harmed. Furthermore, big techs may discourage investment by firms that are prone either to sweeping competition or acquisition. As I mentioned earlier, there is also a risk of global stablecoin issuers being handed the keys to vast amounts of personal data sitting on big tech platforms. Besides raising data privacy concerns , this could become a powerful vehicle to transmit market power from one market to another, especially in the provision of financial services.",129,general,2,1,-1,0.9219886064529419,0.05162784829735756,0.026383498683571815,-1,-1,0.9999903440475464,-1
S00175_P07,S00175,2020-11-04,Fabio Panetta,The two sides of the (stable)coin,"This new framework reviews some of our oversight tools and responds to the various technological and market changes by redefining the scope of our oversight activity and providing a future-proof, harmonised and proportional framework inspired by the principle of ""same business, same risks, same rules"". In parallel, the European Commission has published a proposal for a Regulation on Markets in Crypto-assets (MiCA) , which sets Europe on a steady path to tackle emerging challenges. The legislative journey has just begun and will provide further opportunities for fine-tuning the proposal.",89,general,1,1,0,0.10152054578065872,0.8250563144683838,0.07342317700386047,0,0,0.5073208212852478,0
S00175_P08,S00175,2020-11-04,Fabio Panetta,The two sides of the (stable)coin,"The ECB is analysing it with a view to providing a formal legal opinion. Implementing these oversight and regulatory initiatives will guarantee that the prospective use of stablecoins to provide payment services within the EU will respect the same standards that currently exist for payment systems and instruments. A multi-sectoral response from central banks, financial regulators, data protection authorities and competition authorities is necessary.",64,general,0,0,0,0.968316376209259,0.021245859563350677,0.01043776236474514,-1,0,0.9995658993721008,-1
S00175_P09,S00175,2020-11-04,Fabio Panetta,The two sides of the (stable)coin,"The European Commission, in its Retail Payments Strategy for the EU, announced that it will examine the need for legislation in this area. Introducing systemic products based on stablecoins before the necessary elements of a comprehensive policy have been implemented, especially as regards the oversight and regulatory response, could endanger rather than benefit the European financial system. In September, five EU Member States (Germany, Spain, France, Italy and the Netherlands) issued a joint statement which maintained that no global stablecoin project should begin operation until the relevant legal, regulatory and oversight requirements have been addressed and met by the project. And in October, the G7 Statement on Digital Payments recognised the regulatory and public policy issues arising from global stablecoins. Conclusion The process of digitalisation cannot be reversed - on the contrary, it is picking up speed. Global stablecoins are an expression of the need for change. However, they can pose serious risks, both to our monetary sovereignty and financial stability and to the EU's market structure, competitiveness and technological independence.",171,general,3,2,-1,0.7550011873245239,0.19965139031410217,0.0453474335372448,-1,0,0.9955775737762451,-1
S00175_P10,S00175,2020-11-04,Fabio Panetta,The two sides of the (stable)coin,"Joint Statement on asset-backed crypto-assets (so called ""Stablecoins""), 11 September 2020. G7 Finance Ministers and Central Bank Governors' Statement on Digital Payments, 13 October 2020.",25,general,0,0,0,0.13015179336071014,0.7401153445243835,0.1297328770160675,0,0,0.9999347925186157,0
S00185_P01,S00185,2020-11-27,Fabio Panetta,From the payments revolution to the reinvention of money,"And they can make the European payment market dependent on technologies designed and governed elsewhere, exacerbating its vulnerability to external disruption such as cyberattacks. The big techs may also contribute to a rapid take-up, both domestically and across borders, of so-called stablecoins. As I have argued previously , stablecoins raise concerns with regard to consumer protection and financial stability. In fact, the issuer of a stablecoin cannot guarantee the certainty of the value of the payment instrument it offers to consumers. Such a guarantee can only be provided by the central bank. Moreover, unlike bank deposits, stablecoins do not benefit from deposit guarantee schemes, their holders cannot rely on the degree of scrutiny that is now the norm in banking supervision, and the issuers do not have access to central bank standing facilities. As a result, stablecoin users are likely to bear higher credit, market and liquidity risks, and the stablecoins themselves are vulnerable to runs , with potentially systemic implications . These risks could be mitigated if the stablecoin issuer were able to invest its reserve assets in the form of risk-free deposits at the central bank, as this would eliminate the investment risks that ultimately fall on the shoulders of stablecoin holders. This would not be acceptable, however, as it would be tantamount to outsourcing the provision of central bank money. It could endanger monetary sovereignty if, as a result, private money - the stablecoin - were to largely displace sovereign money as a means of payment. Money would then be reduced to a ""club good"" offered in return for the payment of a fee or membership of a platform.",272,general,11,1,-1,0.9441822171211243,0.046104442328214645,0.009713398292660713,-1,-1,0.559930145740509,-1
S00185_P02,S00185,2020-11-27,Fabio Panetta,From the payments revolution to the reinvention of money,"We are also completing the public consultation on our new framework for electronic payment instruments, schemes and arrangements, the so-called PISA framework. PISA extends our oversight to digital payment tokens , including stablecoins, and to payment arrangements providing functionalities to end users of electronic payment instruments . As a result, technology providers can become subject to oversight.",57,general,0,0,0,0.17785213887691498,0.7822141051292419,0.03993379324674606,0,0,0.9997537732124329,0
S00185_P03,S00185,2020-11-27,Fabio Panetta,From the payments revolution to the reinvention of money,"In particular, a digital euro should be a means of payment, not a form of investment that competes with other financial instruments. This would require limiting the holdings of individual users and mean that, unlike stablecoin issuers, the issuer of the digital euro - the ECB - would not aim to acquire deposits. A digital euro would support the modernisation of the financial sector and the broader economy.",68,general,0,1,1,0.39740386605262756,0.46855926513671875,0.1340368539094925,0,0,0.9999380111694336,0
S00185_P04,S00185,2020-11-27,Fabio Panetta,From the payments revolution to the reinvention of money,"The digital transformation is triggering a revolution in the financial sector, which will bring innovation but also risks. In particular, big techs and stablecoins could disrupt the European financial system. And while they could offer convenient and efficient payment solutions, they also risk endangering competition, privacy, financial stability and even monetary sovereignty.",52,general,5,3,-1,0.6987511515617371,0.2555379271507263,0.045710980892181396,-1,-1,0.9999080896377563,-1
S00185_P05,S00185,2020-11-27,Fabio Panetta,From the payments revolution to the reinvention of money,"Stablecoins are digital units of value designed to minimise fluctuations in their price against a reference currency or basket of currencies. To this end, some stablecoin initiatives pledge to hold a reserve of State-issued currencies or other assets against which stablecoin holdings can be redeemed or exchanged. Global stablecoins are initiatives which aim to achieve a global footprint, without necessarily relying on existing payment schemes and clearing and settlement arrangements. See Bullmann, D., Klemm, J. and Pinna, A.",78,general,0,0,0,0.0874374732375145,0.5811700820922852,0.331392377614975,0,0,0.9999904632568359,0
S00185_P06,S00185,2020-11-27,Fabio Panetta,From the payments revolution to the reinvention of money,"A run could occur whenever users - who bear all the risks - expect a decrease in the redemption price of the stablecoin. A run is possible even when the stablecoin issuer provides a financial guarantee, if such a guarantee loses credibility over time as doubts emerge about the issuer's capacity to absorb potential losses. Moreover, large investments in safe assets by stablecoin issuers could influence the level and volatility of real interest rates, with adverse effects on market functioning and the implementation of monetary policy. Reserve assets are the assets against which the stablecoins are valued and redeemed. In the current situation the viability of such a business model is however challenged by the fact that short term rates are negative. If allowed to invest the reserve assets in the form of risk-free deposits at the central bank, the stablecoin issuer could offer the stablecoin holders a means of payment that would be a close substitute for central bank money. In contrast, the substitutability between central bank money and bank deposits is limited by the fact that, on bank balance sheets, deposits are matched against risky assets (bank loans).",190,general,5,0,-1,0.8457132577896118,0.14850619435310364,0.005780509207397699,-1,-1,0.9817407131195068,-1
S00185_P07,S00185,2020-11-27,Fabio Panetta,From the payments revolution to the reinvention of money,"Up to now, oversight activity has been focused on traditional electronic payment solutions such as payment cards, direct debits, credit transfers and e-money. The European Commission's legislative proposal on crypto-assets (MiCA) is an important step in this regard. These include payment initiation services, payment integrators, wallets storing data and tokenised payment account numbers.",53,general,0,0,0,0.09064392745494843,0.837787389755249,0.07156869769096375,0,0,0.9999610185623169,0
S00196_P01,S00196,2021-02-10,Fabio Panetta,Evolution or revolution? The impact of a digital euro on the financial system,"In Europe, the expansion of big tech companies could make us dependent on technologies governed elsewhere. Finally, big techs may contribute to a rapid take-up of stablecoins both domestically and across borders, which could create systemic risks and even endanger monetary sovereignty. A potential answer to these trends - higher demand for digital payments and a possible dominant role of large, foreign service providers - is for central banks themselves to go digital in order to preserve money as a public good.",82,usd,4,0,-1,0.8941415548324585,0.09225861728191376,0.01359987910836935,-1,1,0.5163666009902954,-1
S00239_P01,S00239,2021-09-30,Fabio Panetta,Cyber risks and the integrity of digital finance,"In response to these developments, the ECB is adapting its oversight framework. And the European Commission, in turn, has launched regulatory initiatives on crypto-assets and digital operational resilience. But there will be no integrity of digital finance and payments without protection against cyber risk.",44,general,1,0,-1,0.3129103183746338,0.6331663131713867,0.05392337962985039,0,0,0.9839450716972351,0
S00239_P02,S00239,2021-09-30,Fabio Panetta,Cyber risks and the integrity of digital finance,"Cyber criminals have also been innovative in finding lucrative ways of stealing money from their targets. Ransomware attacks are usually combined with requests for ransom payments in the form of crypto-assets. Attackers are increasingly exploiting vulnerabilities in the supply chain and third-party providers with a view to compromising or stealing data, disrupting services or demanding ransom payments.",57,general,2,1,-1,0.09286153316497803,0.880423367023468,0.026715083047747612,0,0,0.47532394528388977,0
S00239_P03,S00239,2021-09-30,Fabio Panetta,Cyber risks and the integrity of digital finance,In September 2020 the European Commission proposed a Regulation for Markets in Crypto-Assets (MiCA) and a Regulation on Digital Operational Resilience in the Financial Sector (DORA). The ECB published its legal opinion on MiCA on 19 February 2021 and its legal opinion on DORA on 4 June 2021.,48,general,0,0,0,0.14800995588302612,0.8300760984420776,0.021913984790444374,0,0,0.999765932559967,0
S00243_P01,S00243,2021-10-08,Fabio Panetta,Stay safe at the intersection: the confluence of big techs and global stablecoins,"SPEECH Stay safe at the intersection: the confluence of big techs and global stablecoins Speech by Fabio Panetta, Member of the Executive Board of the ECB, at the panel on ""Cross-border dimensions of non-bank financial intermediation: what are the priorities for building resilience globally?"", as part of the UK G7 Presidency Conference on ""Safe Openness in Global Trade and Finance"" hosted by the Bank of England 8 October 2021 In the years since the global financial crisis, non-bank financial intermediaries (NBFIs) have shown continuous growth, and now account for more than half of global financial assets. Although there are a variety of reasons for this development, one of the factors has been the stricter banking regulation adopted after the global financial crisis constraining the risk-taking of banks.",127,general,4,0,-1,0.2612353265285492,0.7212787866592407,0.01748587377369404,0,1,0.968468964099884,0
S00243_P02,S00243,2021-10-08,Fabio Panetta,Stay safe at the intersection: the confluence of big techs and global stablecoins,"On one side, global technological companies - or ""big techs"", such as Google, Amazon, Facebook and Apple (GAFA) - have started offering financial services and, given their size, their large customer base and their access to unique information, are becoming more and more relevant global players in the markets. On the other side, digital assets such as crypto-assets and stablecoins are growing rapidly, although their take-up and reach in payments has remained limited so far. If big techs start issuing global stablecoins, we could see these two trends meet and alter the functioning of global financial markets. Today, I will argue that if we are to address the cross-border challenges stemming from the expansion of NBFIs, we not only need to strengthen the regulatory and macroprudential approach to these institutions, we also need to widen the regulatory perimeter.",138,general,0,0,0,0.4739683270454407,0.13630972802639008,0.38972198963165283,-1,-1,0.7464311122894287,-1
S00243_P03,S00243,2021-10-08,Fabio Panetta,Stay safe at the intersection: the confluence of big techs and global stablecoins,"The provision of such services is increasingly decentralised, as more and more financial and non-financial players are looking into ways to better meet consumers' needs. By decentralising key aspects of the financial infrastructure, technology is driving a proliferation of digital assets such as crypto-assets and stablecoins. In parallel, big techs are entering financial services and looking into new possibilities of offering payment solutions to their users.",66,general,0,0,0,0.016982732340693474,0.8047044277191162,0.17831282317638397,0,1,0.5223343372344971,0
S00243_P04,S00243,2021-10-08,Fabio Panetta,Stay safe at the intersection: the confluence of big techs and global stablecoins,"But big techs are not stopping there, as they are looking into ways of offering additional retail financial services. The confluence of these two dynamics means that stablecoins, which have limited take-up and use cases so far, could expand rapidly at the global level by relying on the large existing users' base of big techs. These developments warrant careful monitoring, as the risks brought about by such structural changes may be abrupt and potentially disruptive. If we want to build a future-proof regulatory framework at the global level, we should address the three main challenges that the confluence of big techs and global stablecoins create. Altering the structure of financial intermediation First, big techs are beginning to offer a broad range of financial services and are increasingly competing with incumbent financial institutions.",132,general,2,0,-1,0.6048237085342407,0.3703542649745941,0.02482212334871292,-1,0,0.5235198736190796,-1
S00243_P05,S00243,2021-10-08,Fabio Panetta,Stay safe at the intersection: the confluence of big techs and global stablecoins,"Altering the process of money and credit creation What I have discussed so far is just the tip of the iceberg. Big techs are also developing digital alternatives to traditional forms of money, global stablecoins. This brings me to my third point.",42,general,0,0,0,0.15969567000865936,0.48477011919021606,0.355534166097641,0,0,0.999840497970581,0
S00243_P06,S00243,2021-10-08,Fabio Panetta,Stay safe at the intersection: the confluence of big techs and global stablecoins,"This shift has the potential to change the way in which money and credit are created. To maximise the stability of their value, stablecoins are generally backed by high quality liquid assets. This would not automatically result in a reduction in credit for the domestic economy as proceeds from stablecoin sales would be recycled back to the financial system. However, as the assets managed by stablecoins increase, banks' funding conditions could become more expensive and volatile. For instance, competition for liquid resources would make these more scarce, and thus increase their price, forcing banks to turn to more expensive forms of short-term funding. And finally, the increase of deposit holdings under the control of large stablecoin issuers could make banks' deposit base more concentrated and its developments difficult to forecast. The issuance of private digital means of payment by large profit-maximising companies thus poses the risk of large shocks to the banking system and may alter the structure of financial intermediation.",161,general,2,0,-1,0.6999719738960266,0.2710551917552948,0.028972860425710678,-1,-1,0.9517692923545837,-1
S00243_P07,S00243,2021-10-08,Fabio Panetta,Stay safe at the intersection: the confluence of big techs and global stablecoins,"CBDC sceptics who highlight such a risk should however be mindful that the counterfactual - the emergence of dominant private digital money without CBDC - may be one that has an even stronger impact on the stability of the banking sector. Conversely, CBDCs would facilitate a level playing field among financial intermediaries and be carefully introduced by central banks which - unlike stablecoin issuers - would pay adequate attention to ensure orderly adjustments in the financial sector. While no big techs have issued a stablecoin yet, we can look at the evolution of existing ones to get an idea of the implications of big techs' possible role in this segment. Existing stablecoins grew from less than USD 60 billion in March of this year to USD 110 billion in August (Chart 8). The holdings of US commercial paper by Tether, the largest US dollar stablecoin, are now comparable to the holdings of large fund managers such as Vanguard and BlackRock. These numbers are just indicative. Stablecoins issued by big techs could quickly scale up globally. As a result of the network externalities associated with their large customer base , as well as synergies and possible bundling of payments and other services on platforms and the use of ""super apps"", the role of big techs in the financial sector may rapidly and abruptly increase. They could become larger than the biggest money market funds (Chart 9), and reach a higher order of magnitude of the current market value of existing stablecoins, which at USD 110 billion still represent a small fraction of the market value of crypto assets, which already stands above USD 2 trillion. Avoiding the build-up of new global systemic risks Central banks are already familiar with some of the emerging challenges, such as the implications of large investments in safe assets by stablecoin issuers. By affecting the availability of safe assets, issuers could influence the level and volatility of real interest rates, with potentially undesirable consequences from a monetary policy perspective.",333,usd,3,0,-1,0.12168949842453003,0.8597208261489868,0.018589651212096214,0,0,0.9888787269592285,0
S00243_P08,S00243,2021-10-08,Fabio Panetta,Stay safe at the intersection: the confluence of big techs and global stablecoins,"Market functioning could also be negatively affected. Central banks should also carefully monitor and address risks of self-fulfilling runs, which could intensify if stablecoin arrangements are backed by risky or opaque assets, especially in times of market turmoil. To mitigate financial stability risks, we should enhance disclosure requirements and require independent audits of reserves. Finally, if big techs want to manage to stablecoins, they should guarantee adequate operational and cyber resilience. Other challenges generated by the confluence of big techs and global stablecoins are new to central banks, as they arise from the interplay between financial stability and other public policy objectives. Stablecoins can become a vehicle for money laundering and terrorism financing. The interplay with antitrust and data privacy issues are even more relevant.",125,general,4,0,-1,0.9979416131973267,0.0018575016874819994,0.00020085295545868576,-1,-1,0.7756209969520569,-1
S00243_P09,S00243,2021-10-08,Fabio Panetta,Stay safe at the intersection: the confluence of big techs and global stablecoins,"Conclusions If we want to address the structural vulnerabilities exposed by the market turmoil of March 2020, we will need to strengthen the resilience of the non-bank financial sector and ensure a globally consistent approach to policy reforms. But this may not be enough, given the potentially rapid increase in big techs' international financial footprint and their possible role in the issuance of global stablecoins. Without proper regulation, these developments could amplify international shocks and undermine financial resilience globally.",79,general,2,0,-1,0.9122341275215149,0.08278237283229828,0.004983493126928806,-1,-1,0.9998737573623657,-1
S00243_P10,S00243,2021-10-08,Fabio Panetta,Stay safe at the intersection: the confluence of big techs and global stablecoins,"Financial Action Task Force (FATF), 2020, ""FATF Report to the G20 Finance Ministers and Central Bank Governors on So-Called Stablecoins"", Paris. Feyen, E. et al.",25,general,0,0,0,0.39203494787216187,0.482363760471344,0.12560132145881653,0,0,0.9998492002487183,0
S00243_P11,S00243,2021-10-08,Fabio Panetta,Stay safe at the intersection: the confluence of big techs and global stablecoins,"The Eurosystem has published a proposal for updating its oversight framework for electronic payment instruments, schemes and arrangements (""PISA framework"") in order to include digital payment tokens (e.g. stablecoins), alongside ""traditional"" payment instruments and schemes. Moreover, the EU Commission has put forward several legislative initiatives The European Commission published a proposal for a regulation on Markets in Crypto-Assets (MiCA). MiCA aims to provide a harmonised framework for the issuance and provision of services related to crypto-assets and is the first such effort in major jurisdictions. The Commission also issued a ""call for advice"" from the European supervisory authorities to ensure that the EU financial regulation remains future proof amid the rapid transformation of the financial sector.",116,general,0,0,0,0.0332588292658329,0.8821948170661926,0.08454634994268417,0,0,0.999771773815155,0
S00248_P01,S00248,2021-10-19,Fabio Panetta,"""Hic sunt leones"" - open research questions on the international dimension of central bank digital currencies","After reviewing what we already know about the international dimension of CBDCs, I will discuss today open questions of direct policy relevance, in particular: what is different about CBDCs compared to alternative monetary and financial instruments? And how much international cooperation do we need in view of externalities from CBDC issuance, interactions among CBDCs, and the emergence of other innovations such as global stablecoins? In international fora, the ECB is also involved in technical and policy discussions on how CBDCs could facilitate cross-border payments through different degrees of integration and cooperation - ranging from basic compatibility with common standards to establishing international payment infrastructures.",104,general,0,1,1,0.021116435527801514,0.9208539724349976,0.058029595762491226,0,0,0.9999938011169434,0
S00248_P02,S00248,2021-10-19,Fabio Panetta,"""Hic sunt leones"" - open research questions on the international dimension of central bank digital currencies","In fact, it is not only strategic interactions among potential CBDC issuers that might matter. Strategic interactions between CBDCs and innovative payment solution providers from the private sector, such as global stablecoins, also potentially matter, notably when such providers can leverage their large existing user base and their experience in bundling appealing services together. There are still lots of open questions surrounding strategic interactions and the timing of actions.",69,general,0,1,1,0.05278264731168747,0.7844101190567017,0.16280725598335266,0,-1,0.6212560534477234,0
S00254_P01,S00254,2021-11-05,Fabio Panetta,Central bank digital currencies: a monetary anchor for digital innovation,"The ECB is exploring whether to issue a digital euro - a digital form of central bank money for people and businesses to use in retail payments. It has been argued that such a central bank digital currency (CBDC), if issued, would be redundant given the vast supply of private digital monies available, including bank deposits, credit cards, electronic money and mobile applications, and possible future payment solutions based on stablecoins. Today, I would like to argue that, actually, monetary stability and the smooth functioning of payment systems ultimately depend on everyone being able to widely access and use sovereign money.",101,general,0,0,0,0.3382197618484497,0.3992132246494293,0.26256701350212097,0,0,0.9983161687850952,0
S00254_P02,S00254,2021-11-05,Fabio Panetta,Central bank digital currencies: a monetary anchor for digital innovation,"If the currency is not demanded by the public, the mere announcement that the central bank would make it available would not be enough to preserve its role in the economy. Some have also suggested that innovative private payment solutions such as stablecoins could, if properly regulated, make CBDCs superfluous. But confidence in stablecoins also depends on convertibility with central bank money, unless stablecoin issuers are granted access to the central bank balance sheet, allowing them to invest their reserves in the form of risk-free deposits at the central bank. However, this would amount to outsourcing the provision of central bank money to stablecoin issuers and risking a corresponding reduction in monetary sovereignty. Without central bank money to provide an undisputed monetary anchor, people would have to monitor the safety of private money issuers in order to value each form of money, undermining the singleness of the currency.",148,general,4,1,-1,0.943405032157898,0.05019179359078407,0.006403115577995777,-1,0,0.9922268390655518,-1
S00254_P03,S00254,2021-11-05,Fabio Panetta,Central bank digital currencies: a monetary anchor for digital innovation,"In history, sovereign money was at times used as unit of account but not as a medium of exchange. This was for example the case of the livre, the ""imaginary money"" introduced by Charlemagne in the monetary reform of the eighth century, named after the libra (pound), the sovereign money introduced by the ancient King of Rome Servius Tullius in the sixth century BC. The livre was never coined and never circulated.",72,general,0,0,0,0.21324948966503143,0.6959176659584045,0.09083285927772522,0,0,0.9999793767929077,0
S00254_P04,S00254,2021-11-05,Fabio Panetta,Central bank digital currencies: a monetary anchor for digital innovation,"(2021) ""Parachute Pants and Central Bank Money"", speech at the 113th Annual Utah Bankers Association Convention, Sun Valley, Idaho, June. The value of a stablecoin is linked to one or more other assets, including currency in the form of commercial bank deposits. They can therefore be low risk, but not riskless.",51,general,2,0,-1,0.05911906808614731,0.9259617924690247,0.014919151552021503,0,0,0.9995607733726501,0
S00262_P01,S00262,2021-11-18,Fabio Panetta,Designing a digital euro for the retail payments landscape of tomorrow,"But for some debit card schemes, this use in cross-border settings could be curtailed in the future as it depends on the continued willingness of the international card schemes to provide such services. Moreover, although the take-up of digital assets such as crypto-assets and stablecoins - as well as their reach in payments - has remained limited so far, they are growing rapidly: the market capitalisation of stablecoins has increased from USD 5 billion to USD 120 billion since early 2020. In parallel, big tech companies have entered the world of financial services.",93,general,0,0,0,0.030199818313121796,0.45234689116477966,0.5174533128738403,1,1,0.9080013632774353,1
S00262_P02,S00262,2021-11-18,Fabio Panetta,Designing a digital euro for the retail payments landscape of tomorrow,"The EU is taking a leading role with the European Commission's proposal for a regulation on Markets in Crypto-Assets (MiCA). The Eurosystem has proposed an update of its oversight framework for electronic payment instruments, schemes and arrangements (""PISA framework"") in order to include digital payment tokens such as stablecoins. The Trans-European Automated Real-time Gross settlement Express Transfer (TARGET) services are developed and managed by the Eurosystem.",66,general,0,0,0,0.05676227807998657,0.8578806519508362,0.08535715937614441,0,0,0.9999932050704956,0
S00272_P01,S00272,2021-12-10,Fabio Panetta,The present and future of money in the digital age,"And as it would be a central bank liability, the digital euro would, like banknotes, be free of any risk, be it market risk, credit risk, or liquidity risk. Crypto-assets and stablecoins The digital euro has nothing to do with crypto-assets such as Bitcoin. As it would be issued by the central bank, the value of the digital euro would be guaranteed by the State. Crypto-assets, on the other hand, are not issued by any accountable entity: they are notional instruments with no intrinsic value, which do not generate income flows (such as coupons or dividends) or use-value for their owners. They are created using computing technology and their value cannot be ensured by any party or guarantee. Crypto-assets are exchanged by operators whose sole objective is to sell them on at a higher price. They are, in effect, a bet, a speculative high-risk contract with no supporting fundamentals. That is why their value fluctuates wildly; hence crypto-assets are not fit to perform a currency's three functions: means of payment, store of value and unit of account. The value of crypto-assets is growing rapidly and currently stands at over 2,500 billion dollars. That is a significant figure with the potential to generate risks to financial stability that shouldn't be underestimated.",210,usd,7,0,-1,0.1520128846168518,0.8195549249649048,0.028432196006178856,0,0,0.9999490976333618,0
S00272_P02,S00272,2021-12-10,Fabio Panetta,The present and future of money in the digital age,"For example, it exceeds the value of the securitised sub-prime mortgages that triggered the global financial crisis of 2007-2008. In spite of the substantial sums involved, there is no sign that crypto-assets have performed, or are performing, socially or economically useful functions. They are not generally used for retail or wholesale payments, they do not fund consumption or investment, and they play no part in combating climate change. In fact, there is clear evidence that they do the exact opposite: crypto-assets can cause huge amounts of pollution and damage to the environment. And they are widely used for criminal and terrorist activities, or to hide income from the eyes of the tax authorities.",113,general,1,0,-1,0.5095471143722534,0.4323572516441345,0.05809565633535385,-1,0,0.9820855855941772,-1
S00272_P03,S00272,2021-12-10,Fabio Panetta,The present and future of money in the digital age,"Moreover, they provide legitimate investors with no protection whatsoever against IT or cyber risks. On the whole, it is difficult to see a justification for the existence of crypto-assets in the financial landscape. The digital euro also differs from stablecoins. These are digital instruments whose value is linked to that of a portfolio of low-risk assets (reserve assets) such as currencies or securities. Without appropriate, rigorous regulation, stablecoins too are unfit to perform the functions of money: as they are low-risk but not risk-free, they are particularly vulnerable to possible runs in the event that holders experience a loss of faith. Their dissemination could influence monetary policy implementation and undermine the efficiency of the securities markets. For example, one of the most widespread stablecoins promises ""stability"" by investing in low-risk assets such as commercial paper, and holds a large proportion of the stock of these instruments in circulation. In a situation of stress, large-scale sales of assets in response to a sudden increase in redemptions could generate instability throughout the commercial paper market. This phenomenon could spread to other stablecoins and related sectors, eventually finding its way to the banks that hold the stablecoins' liquidity. These risks could be amplified by a lack of transparency around the composition of reserve assets, by a lack of checks on conflicts of interest between issuers and holders of stablecoins, by cases of fraud or mismanagement, and by the link between stablecoins and crypto-assets . In sum, stablecoins are not therefore so ""stable"", and that's why I have previously referred to them as ""unstable coins"". In fact, a third of stablecoin initiatives launched on the market in recent years have not survived. The risks posed by stablecoins would be reduced if reserve assets could be held entirely in the form of risk-free deposits at the central bank. However, this would limit monetary sovereignty as one of the key tasks of the central bank - money creation - would in effect be delegated to private operators.",331,general,14,1,-1,0.8961932063102722,0.09832056611776352,0.00548626109957695,-1,-1,0.958160400390625,-1
S00272_P04,S00272,2021-12-10,Fabio Panetta,The present and future of money in the digital age,"But nor is it a remote one, given the speed at which digital finance is changing. Since early 2020 the value of stablecoins in circulation has risen from 5 to 120 billion dollars. At the same time, the Big Tech companies have expanded their financial business. The convergence of these two tendencies - the growth of stablecoins and Big Tech's expansion in the finance sector - could have a drastic impact on the functioning of financial markets and supplant traditional intermediation and payment services. And that would give rise to the risks I described earlier.",95,usd,1,0,-1,0.573432981967926,0.3695444166660309,0.05702260881662369,-1,-1,0.8254142999649048,-1
S00272_P05,S00272,2021-12-10,Fabio Panetta,The present and future of money in the digital age,"We must make it a driver of stability and inclusive progress, capable of strengthening ties between economies and financial systems at the global level and of overcoming gaps and barriers between countries. The definition of crypto-assets can include assets that are not liabilities of any issuer, and stablecoins. The classification used in the text keeps these two categories separate.",59,general,0,1,1,0.10554666072130203,0.5642411112785339,0.33021214604377747,0,1,0.590722918510437,0
S00272_P06,S00272,2021-12-10,Fabio Panetta,The present and future of money in the digital age,"Other analyses in 2020 show that the volume of criminal activity exceeded 3.5 billion (see Ciphertrace (2021) ""Cryptocurrency crime and anti-money laundering report"", February). These studies are backed up by various operations carried out in recent years by Europol and Interpol to break up criminal organisations engaged in money laundering and selling weapons and drugs using crypto-assets. There have been several cases of holders of crypto-assets losing all their savings after having lost their blockchain passwords. Stablecoins can usually be converted to cash. Conversion mechanisms differ, however, from those of bank deposits or electronic money.",95,general,2,0,-1,0.037346869707107544,0.9600363969802856,0.002616730984300375,0,0,0.9994794726371765,0
S00272_P07,S00272,2021-12-10,Fabio Panetta,The present and future of money in the digital age,"The value of e-money holdings is protected by the fact that customers' funds must be deposited with third parties in cash format. The lack of such mechanisms could fuel runs on stablecoins if holders - who bear the risks of fluctuations in the value of reserve assets - expect a significant decrease in the redemption price or perceive the issuers as being incapable of absorbing losses. See Panetta, F.",69,general,3,0,-1,0.47386765480041504,0.49985790252685547,0.026274438947439194,0,-1,0.7327942252159119,0
S00272_P08,S00272,2021-12-10,Fabio Panetta,The present and future of money in the digital age,"See the report prepared by the President's Working Group on Financial Markets, the Federal Deposit Insurance Corporation and the Office of the Comptroller of the Currency ""Report on Stablecoins "", November 2021. See Mizrach, B.",35,general,0,0,0,0.10955088585615158,0.8293578028678894,0.06109138950705528,0,0,0.9999420642852783,0
S00272_P09,S00272,2021-12-10,Fabio Panetta,The present and future of money in the digital age,"See Commodity Futures Trading Commission press release, ""CFTC Orders Tether and Bitfinex to Pay Fines Totaling $42.5 Million"". In September 2021, approximately three quarters of exchanges of crypto-assets on trading platforms involved stablecoins. In that sense, stablecoins are also tainted by the illegal activities associated with crypto-assets. See Panetta, F.",50,usd,0,0,0,0.19425611197948456,0.7063474655151367,0.09939645230770111,0,0,0.8032847046852112,0
S00272_P10,S00272,2021-12-10,Fabio Panetta,The present and future of money in the digital age,"The European Commission recently introduced a Proposal for a Regulation on Markets in Crypto-assets (MiCA). The ECB has updated its Payment Instruments, Schemes and Arrangements (PISA) supervisory model for electronic payment products to include digital payment tokens such as stablecoins. Decentralised finance (DeFi) is designed to provide financial services without intermediaries, using smart contracts on blockchain and stablecoins to facilitate the transfer of funds.",64,general,0,0,0,0.023920368403196335,0.9311704635620117,0.04490917921066284,0,0,0.9999638795852661,0
S00281_P01,S00281,2022-02-18,Fabio Panetta,"Central bank digital currencies: defining the problems, designing the solutions","Central banks must therefore consider how to ensure that their money can remain a payments anchor in a digital world. Some have suggested that innovative private payment solutions such as stablecoins could, if properly regulated, make CBDCs superfluous. However, confidence in stablecoins would also depend on the ability to convert them into central bank money, unless stablecoin issuers were allowed to invest the reserve assets in risk-free deposits at the central bank. But this would be tantamount to outsourcing the provision of central bank money, which would endanger monetary sovereignty. Moreover, in the absence of public money, stablecoins could exacerbate the ""winner-takes-all"" dynamics inherent in payment markets, with adverse consequences for the functioning of the payments system. And stablecoins' potentially large investments in safe assets could affect the availability of these assets. This could in turn have an impact on market functioning and real interest rates, with undesirable implications from a monetary policy perspective.",154,general,3,1,-1,0.977243959903717,0.021215979009866714,0.0015400220872834325,-1,-1,0.8197044730186462,-1
S00281_P02,S00281,2022-02-18,Fabio Panetta,"Central bank digital currencies: defining the problems, designing the solutions","The scenario I am describing is not one of science fiction. It is already the case in the market for crypto-assets, which are widely used for criminal activities. A similar situation might affect other digital asset markets in the future.",40,general,0,0,0,0.34692415595054626,0.5599259734153748,0.09314988553524017,0,-1,0.9728044867515564,0
S00281_P03,S00281,2022-02-18,Fabio Panetta,"Central bank digital currencies: defining the problems, designing the solutions","In history, sovereign money was at times used as unit of account but not as a medium of exchange. This was for example the case of the livre, the ""imaginary money"" introduced by Charlemagne in the monetary reform of the eighth century, named after the libra (pound), the sovereign money introduced by the ancient King of Rome Servius Tullius in the sixth century BC. The livre was never coined and never circulated.",72,general,0,0,0,0.21324948966503143,0.6959176659584045,0.09083285927772522,0,0,0.9999793767929077,0
S00281_P04,S00281,2022-02-18,Fabio Panetta,"Central bank digital currencies: defining the problems, designing the solutions","The value of a stablecoin is linked to a portfolio of one or more other assets (the reserve assets), including currency in the form of commercial bank deposits. Stablecoins can therefore be low-risk but not risk-free. Risks increase if stablecoin arrangements are backed by risky or opaque assets, especially in times of market turmoil. See Adachi, M., Cominetta, M., Kaufmann, C. and van der Kraaij, A.",66,general,4,0,-1,0.12053032964468002,0.7811957597732544,0.09827390313148499,0,0,0.8239666223526001,0
S00281_P05,S00281,2022-02-18,Fabio Panetta,"Central bank digital currencies: defining the problems, designing the solutions",The share of illicit payments in total transactions of crypto assets is often underestimated.,14,general,1,0,-1,0.230179101228714,0.7050588726997375,0.06476199626922607,0,0,0.5735639333724976,0
S00281_P06,S00281,2022-02-18,Fabio Panetta,"Central bank digital currencies: defining the problems, designing the solutions","The European Union is revising the regulation, supervision and oversight of digital finance with the proposed Regulation of Markets in Crypto-Assets (MiCA) and the ECB's new payment oversight framework (PISA). The discussion on regulatory steps is also ongoing in other advanced economies, e.g. in the United States.",47,usd,0,0,0,0.07026813924312592,0.9180072546005249,0.011724571697413921,0,0,0.9998031258583069,0
S00284_P01,S00284,2022-02-23,Frank Elderson,Towards a stronger AML/CFT framework in the EU,"Speech Towards a stronger AML/CFT framework in the EU Welcome address by Frank Elderson, Member of the Executive Board of the ECB and Vice-Chair of the Supervisory Board of the ECB, during a seminar presenting the ECB Opinions on the proposed regulation establishing the AML/CFT Authority, AML Regulation, the sixth AML Directive and the Funds and Crypto-assets Transfers Regulation Brussels, 23 February 2022 The EU framework for the prevention of the use of the financial system for the purposes of money laundering and terrorist financing already has a long history. It is more than 30 years now since the first Anti-money Laundering Directive was published in June 1991.",108,general,2,1,-1,0.1702139526605606,0.7709928154945374,0.05879327282309532,0,0,0.9487765431404114,0
S00292_P01,S00292,2022-03-22,Fabio Panetta,Building a robust and diversified clearing ecosystem,"Steering the evolution of clearing in a sustainable and responsible direction will also make it safer. Likewise, we need to carefully and critically assess the role of CCPs in relation to crypto-assets. Given the financial risks and high volatility associated with these products, we need to ensure that they do not bring additional risks to CCPs but rather that CCPs contribute to enhancing the safety of this financial segment. Subjecting crypto-assets and clearing activities in that space to sound regulation, oversight and supervision is the minimum that must be done. But we should also consider their impact from the perspective of corporate responsibility, given the potential risks to financial stability, sustainability and the fight against illicit activities. The risk of misuse of crypto-assets to circumvent the sanctions against Russia is an important reminder that these markets must be required to comply with the strictest standards - including as regards know your customer, anti-money laundering and disclosure requirements - so that they do not create a major loophole at the heart of the financial system. A better understanding of these challenges will enable us to set the right incentives and boundaries to support the safe evolution of clearing.",197,usd,7,1,-1,0.7413695454597473,0.18459190428256989,0.0740385577082634,-1,0,0.7772653698921204,-1
S00294_P01,S00294,2022-03-30,Fabio Panetta,A digital euro that serves the needs of the public: striking the right balance,"At the same time, we need to assess privacy in the context of other EU policy objectives, such as anti-money laundering (AML) and combating the financing of terrorism (CFT). Concerns about regulations being circumvented, including to bypass international sanctions, have become even more prominent recently, notably in relation to crypto-assets. Over the past few months we have investigated various options to address the trade-off between retaining a high degree of privacy and other important public policy objectives.",77,general,2,0,-1,0.2874475121498108,0.667029619216919,0.04552285745739937,0,0,0.9367848038673401,0
S00300_P01,S00300,2022-04-08,Fabio Panetta,More than an intellectual game: exploring the monetary policy and financial stability implications of central bank digital currencies,"All these questions are not only interesting from a research perspective, they are also important for monetary policy and financial stability practitioners. The final important research topic is the implication for considerations on CBDCs of stablecoins and crypto-assets, whose emergence alongside fiat money in the past ten years has been sudden and had a massive effect - similar to the Cambrian explosion of 20 to 25 million years ago, when a huge variety of complex lifeforms appeared alongside a smaller number of pre-existing organisms. In particular, we should be mindful that the counterfactual to a world without CBDC is not the status quo. Rather it could be one that sees a diminished role of central bank money and a stronger one for stablecoins and crypto-assets with risks for monetary sovereignty, the lender of last resort functions of central banks and financial stability. Conclusion Let me conclude.",146,general,2,0,-1,0.13646629452705383,0.7819287776947021,0.08160489052534103,0,0,0.9864901304244995,0
S00303_P01,S00303,2022-04-25,Fabio Panetta,For a few cryptos more: the Wild West of crypto finance,"Speech For a few cryptos more: the Wild West of crypto finance Speech by Fabio Panetta, Member of the Executive Board of the ECB, at Columbia University New York, 25 April 2022 170 years ago Americans pushed westward across the frontier to seek their fortune in the gold rush. Greed and lawlessness turned this promised land into the Wild West, where the few exploited the dream of the many.",69,usd,0,0,0,0.14104710519313812,0.8342148661613464,0.02473803609609604,0,0,0.9724038243293762,0
S00303_P02,S00303,2022-04-25,Fabio Panetta,For a few cryptos more: the Wild West of crypto finance,"Satoshi Nakamoto - or rather the software developers using that pseudonym - created the source code of what they thought could be decentralised digital cash. Their 2008 white paper shows a great fascination with technology, notably cryptography, but not necessarily an in-depth understanding of payment and money issues. They aspired to realise an anarchistic utopia of a stable currency free from public scrutiny. Almost 15 years on, crypto-assets are what everyone's talking about. Crypto enthusiasts marvel at the rise of the crypto market, with many feeling they should take their chances on the crypto gamble. An ecosystem has emerged, from miners to intermediaries, all seeking to expand into digital finance. Crypto evangelists promise heaven on earth, using an illusory narrative of ever-rising crypto-asset prices to maintain inflows and thus the momentum fuelling the crypto bubble. But appearances are deceptive.",139,general,0,0,0,0.35075435042381287,0.39220815896987915,0.257037490606308,0,1,0.7403789162635803,0
S00303_P03,S00303,2022-04-25,Fabio Panetta,For a few cryptos more: the Wild West of crypto finance,Satoshi Nakamoto's dream of creating trustworthy money remains just that - a dream. Crypto-asset transfers can take hours to process. Their prices fluctuate wildly.,24,general,0,0,0,0.4391366243362427,0.3632402718067169,0.19762307405471802,-1,-1,0.9655624628067017,-1
S00303_P04,S00303,2022-04-25,Fabio Panetta,For a few cryptos more: the Wild West of crypto finance,"The supposedly anonymous transactions leave an immutable trail that can be traced. A large majority of crypto holders rely on intermediaries, contrary to the avowed philosophy of decentralised finance. In El Salvador, for instance, which is the first country to adopt bitcoin as legal tender, payments are carried out via a conventional centrally managed wallet. Crypto-assets are bringing about instability and insecurity - the exact opposite of what they promised. They are creating a new Wild West.",77,general,1,0,-1,0.43830937147140503,0.44017431139945984,0.12151634693145752,0,-1,0.7776181101799011,0
S00303_P05,S00303,2022-04-25,Fabio Panetta,For a few cryptos more: the Wild West of crypto finance,"However, it only takes a few to climb high on the ladder - even if their gains are only temporary - to convince many others that they are missing out. Indeed, the crypto market is now larger than the sub-prime mortgage market was when - worth USD 1.3 trillion - it triggered the global financial crisis. And it shows strikingly similar dynamics. In the absence of adequate controls, crypto-assets are driving speculation by promising fast and high returns and exploiting regulatory loopholes that leave investors without protection. Limited understanding of risks, fear of missing out and intense lobbying of legislators drive up exposures while slowing down regulation. We must not repeat the same mistakes by waiting for the bubble to burst, and only then realising how pervasive crypto risk has become in the financial system. And while some may hope to be smarter and get out in time, many will be trapped. Now is the time to ensure that crypto-assets are only used within clear, regulated boundaries and for purposes that add value to society. And it is time for policymakers to respond to the people's growing demand for digital assets and a digital currency by making sovereign money fit for the digital age. Today I will argue that at present crypto-assets are not only speculative and high-risk investments, but they also raise public policy and financial stability concerns. I will then discuss some elements of the public policy response which is necessary in order to protect investors and preserve financial stability without suffocating innovation. The rise of crypto-assets Let me start with the underlying drivers of crypto-assets. At their root, crypto-assets are the result of advances in cryptographic methods and distributed ledger technology. Innovation has made it possible to create an asset that lacks any underlying claim. In the initial set-up of what we today call ""unbacked crypto-assets"", nobody is liable, nor are these assets backed by any collateral or managed by a trustworthy operator. This makes them purely speculative in nature, and hence highly volatile. To address the risks of unbacked cryptos, ""stablecoins"" have emerged, with their value linked to one or more low-risk assets. But, if left unregulated, they are stable in name only.",367,general,13,3,-1,0.36360257863998413,0.41402652859687805,0.2223709225654602,0,0,0.9664927124977112,0
S00303_P06,S00303,2022-04-25,Fabio Panetta,For a few cryptos more: the Wild West of crypto finance,"They are therefore vulnerable to runs. They are often purely speculative assets, exposed to high financial and operational risks: research finds that one-third of stablecoins launched in recent years have not survived. In spite of these weaknesses, the number of crypto-assets has expanded significantly, with around 10,000 available on the market today. Driving this growth is a complex and opaque crypto ecosystem made up of cryptocurrency miners and service providers, such as exchanges or wallets, that are largely unregulated and insufficiently supervised or overseen. Within that market is a fast-growing segment of decentralised finance, which uses smart contracts to support trading, lending and investment in crypto-assets - supposedly without relying on intermediaries. This supply of crypto-assets has been met with strong demand from both professional investors and the public. In 2021 around 16% of Americans and 10% of Europeans invested in crypto-assets. This strong appeal of crypto-assets, especially unbacked ones, is a cause for concern given the lack of fundamentals, the number of recent scandals , their use in illegal activities and the high volatility of their prices. All this points to unsound underlying market dynamics.",186,usd,6,0,-1,0.7751355767250061,0.21635767817497253,0.008506743237376213,-1,1,0.4235645532608032,-1
S00303_P07,S00303,2022-04-25,Fabio Panetta,For a few cryptos more: the Wild West of crypto finance,"Vested interests of large investors naturally lead to increasing lobbying activities. In the United States, for example, crypto firms spent around USD 5 million lobbying the Senate in the first nine months of 2021 alone. Rising prices are fuelled by extensive news reports and investment advice on social media, highlighting past price increases and features such as artificial scarcity to create the fear of missing out.",66,usd,0,0,0,0.1840243637561798,0.7180473208427429,0.09792834520339966,0,0,0.9827949404716492,0
S00303_P08,S00303,2022-04-25,Fabio Panetta,For a few cryptos more: the Wild West of crypto finance,"Until the enthusiasm vanishes and the bubble bursts. Crypto-assets and public policy concerns Meanwhile crypto enthusiasts will argue that crypto-assets are different and that to regulate them is to stifle innovation. We have heard it all before. But do crypto-assets really generate value for the payment system? Unbacked crypto-assets cannot fulfil their original objective of facilitating payments. They are simply too volatile to perform the three functions of money: medium of exchange, store of value and unit of account.",79,general,3,1,-1,0.35212841629981995,0.4061584770679474,0.24171312153339386,0,0,0.6983478665351868,0
S00303_P09,S00303,2022-04-25,Fabio Panetta,For a few cryptos more: the Wild West of crypto finance,"Their three-month volatility was 60%, almost five times higher than gold and four times higher than US stocks. Such high volatility also means that households cannot rely on crypto-assets as a store of value to smooth their consumption over time. Similarly, firms cannot rely on crypto-assets as a unit of account for the calculation of prices or for their balance sheet. And this is just as true for stablecoins, given the poor consumer protection and the vulnerability to panic selling that characterise them in the absence of appropriate regulation and supervision. When adequately regulated and supervised, stablecoins are nothing more than e-money arrangements. This is something we have known for many years. So crypto-assets, especially unbacked ones, are not useful as money. But do they at least perform other worthwhile social or economic functions, such as funding consumption or investment, or helping to combat climate change?",146,usd,4,0,-1,0.8306798934936523,0.16588759422302246,0.00343251577578485,-1,-1,0.9993021488189697,-1
S00303_P10,S00303,2022-04-25,Fabio Panetta,For a few cryptos more: the Wild West of crypto finance,"There is reason to believe that they do the exact opposite. Crypto-assets are widely used for criminal and terrorist activities . It is estimated that the amounts of crypto-assets exchanged for criminal purposes are substantial, exceeding USD 24 billion in 2021. Research suggests that as much as USD 72 billion per year, or about 23% of all transactions, is associated with criminal activities. Ransomware attackers usually demand crypto payments. Crypto-assets may also be used for tax evasion or to circumvent sanctions. For example, North Korea has actively tried to recruit cryptocurrency experts over the past few years. More recently trading volumes in crypto-assets using the rouble increased after sanctions were imposed on Russia. While we cannot be sure that crypto-assets are actually being used by sanctioned persons or businesses, it nonetheless shows that they provide a potential means to circumvent sanctions. Crypto-assets based on proof-of-work (PoW) blockchains can also cause huge amounts of pollution and damage to the environment. They are created in a decentralised mining process which consumes an enormous amount of energy and computing hardware.",177,general,0,0,0,0.29893484711647034,0.6237537860870361,0.07731141149997711,0,0,0.9956531524658203,0
S00303_P11,S00303,2022-04-25,Fabio Panetta,For a few cryptos more: the Wild West of crypto finance,"The networks' hunger for energy is potentially limitless, since the validation process encourages miners to keep upgrading their computing capacity to ensure system security. And even where crypto mining uses clean energy or less energy-intensive techniques, this is energy that is not available for other purposes, increasing the consumption of fossil fuels and impeding the fight against climate change. So crypto-assets are speculative assets that can cause major damage to society. At present they derive their value mainly from greed, they rely on the greed of others and the hope that the scheme continues unhindered.",95,general,1,0,-1,0.318621963262558,0.5474581122398376,0.13391993939876556,0,-1,0.8681480288505554,0
S00303_P12,S00303,2022-04-25,Fabio Panetta,For a few cryptos more: the Wild West of crypto finance,"Until this house of cards collapses, leaving people buried under their losses. Crypto-assets and financial stability risks Let me now turn to the risks that crypto-assets pose to financial stability. Crypto-assets still comprise a small share of total global financial assets (about 1%). But, as I mentioned, they already have a larger market than sub-prime mortgages had before the global financial crisis started.",63,general,5,0,-1,0.3373832106590271,0.6064906120300293,0.056126147508621216,0,-1,0.9773237109184265,0
S00303_P13,S00303,2022-04-25,Fabio Panetta,For a few cryptos more: the Wild West of crypto finance,"We cannot afford to ignore them. Indeed, the popularity of crypto-assets is spreading beyond their core supporters. The launch of the first bitcoin exchange-traded fund in the United States last October is a sign of increased institutional activity in these assets, largely in response to demand from customers.",48,usd,0,0,0,0.16913637518882751,0.4634867310523987,0.36737683415412903,0,1,0.9999202489852905,0
S00303_P14,S00303,2022-04-25,Fabio Panetta,For a few cryptos more: the Wild West of crypto finance,"The retail segment is also growing, with retail investors often attracted by misleading advertisements that fail to clearly set out the risk involved in these products. Big payment networks have stepped up their support services for crypto-assets and intermediaries are seeing a significant increase in retail holdings. For example, Coinbase, which is the biggest US crypto-asset exchange, now has 56 million users - an increase of 65% since March 2020. Crypto-assets pose financial stability risks through three main channels. First, stress in crypto-asset markets could spill over to players in the wider financial system through direct asset holdings or ownership of service providers. One measure of such linkages is the correlation between changes in the prices of crypto-assets and of equities, which has been positive since 2020. Second, a fall in the value of crypto-assets might have an impact on the wealth of investors, with knock-on effects on the financial system. Third, a loss of faith in the value of crypto-assets - for instance because of operational failures, fraud, price manipulation or cybercrime - could lead to a sharp deterioration in investor confidence, which could spill over to broader financial markets. Linkages through these three channels are as yet still limited. But they could increase rapidly if crypto-assets are widely adopted by institutional or retail investors. Such a scenario is not far-fetched. For example, high-net-worth investors, financial advisors and family offices are now leading the charge to invest in crypto-assets. More importantly, big tech players could launch global stablecoins for retail use. We have seen the example of Diem, a cryptocurrency project by Meta, and now Meta's new endeavour. By exploiting their large customer bases and bundling payments and other financial services, big tech firms could significantly strengthen linkages between the crypto-asset ecosystem and the broader financial system. In a stress situation, a sudden surge in redemptions by stablecoin holders could lead to instability in various market segments. For example, Tether, one of the most popular stablecoins, promises ""stability"" by investing in low-risk assets, such as commercial paper, and holds a large proportion of the stock of these instruments in circulation. Large-scale sales of these assets in response to a sudden increase in redemptions could generate instability throughout the commercial paper market. This phenomenon could spread to other stablecoins and related sectors, eventually finding its way to the banks that hold the stablecoins' liquidity. Such extreme scenarios might not be just around the corner.",404,usd,6,0,-1,0.4114595353603363,0.5321773290634155,0.056363146752119064,0,-1,0.9914944171905518,0
S00303_P15,S00303,2022-04-25,Fabio Panetta,For a few cryptos more: the Wild West of crypto finance,"And the harder it will be for policymakers to act. Regulating crypto-assets This brings me to the issue of regulation. Policymakers should not allow crypto-assets and the associated risks to proliferate unchecked. We must decide how to regulate them, following a rigorous risk-based approach tailored to different instruments.",48,general,2,0,-1,0.7039086818695068,0.21970947086811066,0.07638181746006012,-1,0,0.9998704195022583,-1
S00303_P16,S00303,2022-04-25,Fabio Panetta,For a few cryptos more: the Wild West of crypto finance,"The current regulatory approaches differ across countries. Some countries have banned crypto-assets outright while others have restricted their use. This situation is clearly unsatisfactory, as crypto-assets are a global phenomenon and their underlying technologies can play an important role, not only in finance. We need globally coordinated regulatory action to address issues such as the use of crypto-assets in cross-border illicit activities or their environmental footprint. Regulation should balance the risks and benefits so as not to stifle innovation that could stimulate efficiency in payments and broader applications of these technologies.",91,general,2,3,1,0.6950038075447083,0.23410841822624207,0.07088778167963028,-1,0,0.46904194355010986,-1
S00303_P17,S00303,2022-04-25,Fabio Panetta,For a few cryptos more: the Wild West of crypto finance,"Four of these are particularly relevant. First, we need to hold crypto-assets to the same standards as the rest of the financial system. This means swiftly implementing all rules to prevent the use of crypto-assets for money laundering and terrorist financing, based on the standards set by the Financial Action Task Force (FATF), and enforcing them effectively. These efforts should also aim to bring peer-to-peer crypto-asset transfers within the scope of the standards for anti-money laundering (AML) and countering the financing of terrorism (CFT). Second, we should consider how to adequately tax crypto-assets. Currently the tax treatment of crypto-assets is minimal: we know very little about who really owns them, and about the size and the distribution of the capital gains. By its very nature, the crypto-asset market makes it very difficult to identify tax-relevant activities because it relies less on traditional financial intermediaries, who typically provide information for tax purposes. We should bring taxation on crypto-assets into line with the taxation of other instruments and aim for alignment across jurisdictions, given the global nature of the crypto market. The introduction of reporting obligations for transactions above certain thresholds, as just recently proposed by the Organisation for Economic Co-operation and Development (OECD), would enhance transparency and combat tax evasion. There could also be a case for higher taxation of some crypto-assets - such as those based on PoW - above and beyond the taxation of other financial instruments. Negative externalities that lead to sunk costs for society, such as high pollution, could be factored into appropriate taxes levied on participants in crypto markets (issuers, investors and service providers). Third, public disclosure and regulatory reporting need to be strengthened. The current practice observed in the crypto industry - for example, the disclosure of reserve assets backing stablecoins - is highly problematic. It is not sufficient and differs across products, and can even be misleading to investors and policymakers, Mandatory disclosure requirements for financial institutions are necessary to pinpoint where risks emanating from crypto-assets are concentrated. At the same time, public authorities (central banks, supervisors and AML authorities) need to further improve their data capabilities in order to detect illicit trades and emerging threats to financial stability. Fourth, given the crucial unanswered questions on issues such as operational risk, volatility and liquidity, regulators should introduce strict transparency requirements and set out the standards of conduct to be followed by professional operators in order to protect unexperienced retail crypto-asset investors. Europe is leading the way in bringing crypto-assets into the regulatory purview. The finalisation of the Regulation of Markets in Crypto-Assets (MiCA) will harmonise the regulatory approach across the European Union (EU). In a similar way, the European Commission's legislative proposals to create an EU AML/CFT single rulebook will bring all crypto-asset service providers within the scope of the relevant EU framework, which will also provide the basis for a harmonised European approach to supervising them. Moreover, the proposed Regulation on information accompanying transfers of funds and certain crypto-assets (FCTR) will aim to ensure that crypto-asset transfers which include at least one crypto-asset service provider can be traced and that suspicious transactions can be blocked. Swift negotiations by the European Commission, European Parliament and the Council of the European Union, together with thorough enforcement by competent national authorities, are necessary given the rapid growth of the crypto market. Europe's regulatory measures need to go further. We need to focus more on unbacked crypto-asset activities that are undertaken without service providers. In addition, we cannot afford to leave on-chain peer-to-peer payments unregulated, as they can be used to circumvent any regulation. Finally, if we really want to harmonise supervision significantly across all EU Member States, the new European AML Authority should supervise the riskiest crypto-asset providers. But our measures can only be effective if they are matched by ambitious measures implemented by our international peers. The United States is taking action on this front, while the Financial Stability Board (FSB) has made progress in advancing a global agenda of work on crypto-assets, in cooperation with other international bodies such as the Committee on Payments and Market Infrastructures, the Basel Committee on Banking Supervision and the FATF. We should build on this momentum and not wait for a crisis to occur before creating a dedicated global policy forum that brings together the key actors needed to address the risks arising from crypto-assets. Conclusion Let me conclude.",731,usd,11,2,-1,0.8178672194480896,0.1361495554447174,0.045983199030160904,-1,0,0.9989818930625916,-1
S00303_P18,S00303,2022-04-25,Fabio Panetta,For a few cryptos more: the Wild West of crypto finance,"Many of them defaulted, undermining public confidence in banks. We should not permit such a situation to happen again in the digital arena with crypto-assets. We need to make coordinated efforts at the global level to bring crypto-assets into the regulatory purview. And we need to ensure that they are subject to standards in line with those applied to the financial system.",62,general,1,0,-1,0.9572433233261108,0.025629889219999313,0.017126766964793205,-1,0,0.994207501411438,-1
S00303_P19,S00303,2022-04-25,Fabio Panetta,For a few cryptos more: the Wild West of crypto finance,"In doing so, we will have to deal with complex trade-offs, balancing the goals of promoting innovation, preserving financial stability and ensuring consumer protection. We should make faster progress if we want to ensure that crypto-assets do not trigger a lawless frenzy of risk-taking. But this is not enough. The growth of crypto-asset markets reveals society's growing demand for digital assets and instant payments. If the official sector - public authorities and intermediaries - does not satisfy this demand, others will step in.",83,general,1,4,1,0.45008018612861633,0.3918934762477875,0.15802627801895142,-1,1,0.9999713897705078,-1
S00303_P20,S00303,2022-04-25,Fabio Panetta,For a few cryptos more: the Wild West of crypto finance,"The crypto-asset market quadrupled in 2021 alone, reaching nearly USD 3 trillion in market capitalisation in November, before halving within just three months. Holders can choose to be anonymous through encryption, but the blockchain is transparent in terms of what addresses hold which amounts of coins, and the related transaction flows.",51,general,0,0,0,0.052638713270425797,0.8929696083068848,0.054391659796237946,0,0,0.9919175505638123,0
S00303_P21,S00303,2022-04-25,Fabio Panetta,For a few cryptos more: the Wild West of crypto finance,"House of Representatives, 27 March. The stabilisation mechanism of stablecoins is crucial to determine whether the coins issued can maintain a stable value. Different stabilisation mechanisms may either require the intervention of accountable institutions, in the role of issuer and custodian, or delegate these tasks to stablecoin users. See Bullmann, D., Jonas, K. and Pinna, A.",56,general,0,0,0,0.1746465116739273,0.7505634427070618,0.07479002326726913,0,0,0.9999971389770508,0
S00303_P22,S00303,2022-04-25,Fabio Panetta,For a few cryptos more: the Wild West of crypto finance,In search for stability in crypto-assets: are stablecoins the solution?,10,general,0,0,0,0.19461782276630402,0.43514516949653625,0.3702370226383209,0,0,0.5875235795974731,0
S00303_P23,S00303,2022-04-25,Fabio Panetta,For a few cryptos more: the Wild West of crypto finance,A survey showed that one-third of crypto-asset investors know little or nothing about these assets.,15,general,0,0,0,0.13601796329021454,0.7641013264656067,0.0998806431889534,0,0,0.9999914169311523,0
S00303_P24,S00303,2022-04-25,Fabio Panetta,For a few cryptos more: the Wild West of crypto finance,"See G7 Finance Ministers and Central Bank Governors' Statement on Central Bank Digital Currencies (CBDCs) and Digital Payments, 13 October 2021. Moreover, the European Supervisory Authorities have recently warned that these assets are not suited for most retail consumers as an investment or as a means of payment or exchange; see ""EU financial regulators warn consumers on the risks of crypto-assets"", 17 March 2022.",64,general,3,0,-1,0.7803922295570374,0.16775836050510406,0.051849424839019775,-1,-1,0.9969395399093628,-1
S00303_P25,S00303,2022-04-25,Fabio Panetta,For a few cryptos more: the Wild West of crypto finance,"The number in the text (USD 24 billion) is obtained multiplying total transactions of crypto-currencies in 2021 (USD 15.8 trillion) by the proportion of transactions involving illicit addresses (0.15%). Foley, S., Karlsen, J.R. and Putniņš, T.J.",36,general,1,0,-1,0.11907246708869934,0.8501832485198975,0.03074428252875805,0,0,0.9999997615814209,0
S00303_P26,S00303,2022-04-25,Fabio Panetta,For a few cryptos more: the Wild West of crypto finance,"The use of bitcoins for illicit payments is well documented, although the share of such payments in total bitcoin transactions is disputed. Foley (ibid.) estimates it to be 45%, while Chainalysis' 2022 crypto crime report puts the figure at less than 1% for 2021. At the same time, the low ratio could be because the denominator refers to trade volumes (investment flows) and not payments; see Green, M.W.",68,general,1,0,-1,0.12760478258132935,0.8273802399635315,0.04501495510339737,0,0,0.9999798536300659,0
S00303_P27,S00303,2022-04-25,Fabio Panetta,For a few cryptos more: the Wild West of crypto finance,"A former US researcher in a cryptocurrency group has been sentenced to more than five years in prison for conspiring to help North Korea evade US sanctions using cryptocurrency. Moreover, the United States Treasury Department has linked North Korean hackers to the theft of crypto-assets tied to a popular online game and worth hundreds of millions of dollars. On 21 April Binance, the world's largest crypto exchange, announced that it would comply with the European Union sanctions imposed on Russia for its invasion of Ukraine and limit services in Russia. Russian nationals, residents and businesses in the country with crypto-assets exceeding EUR 10,000 will not be able to deposit or trade them, they may only make withdrawals.",117,usd,0,0,0,0.4271005392074585,0.47253215312957764,0.1003672182559967,0,0,0.6619707942008972,0
S00303_P28,S00303,2022-04-25,Fabio Panetta,For a few cryptos more: the Wild West of crypto finance,"A survey by Intertrust of a group of 100 hedge fund Chief Financial Officers found that, on average, they expected to allocate 7.2% of their funds' assets to crypto-assets by 2026. If replicated across the sector, this could equate to a total exposure of USD 312 billion. See Financial Times, 2021, Hedge funds expect to hold 7% of assets in crypto within five years , 15 June. In 2022 the crypto-assets exchange, Crypto.com, had two advertisements banned because they were considered to be misleading by the UK's advertising regulator, the Advertising Standards Authority (ASA). In particular, Mastercard, PayPal and Visa continue building capabilities and strategic partnerships to support crypto-assets (as well as stablecoins).",113,general,0,0,0,0.05830507352948189,0.8889161944389343,0.05277872085571289,0,0,0.9993047714233398,0
S00303_P29,S00303,2022-04-25,Fabio Panetta,For a few cryptos more: the Wild West of crypto finance,"The term crypto-asset is often used to label anything that is recorded via distributed ledger technology (DLT), regardless of whether it constitutes a new type of asset, a financial instrument or a form collective investment. See Bullmann, D., Jonas, K. and Pinna, A.",43,general,0,0,0,0.19372713565826416,0.6161759495735168,0.1900968700647354,0,0,0.9999967813491821,0
S00303_P30,S00303,2022-04-25,Fabio Panetta,For a few cryptos more: the Wild West of crypto finance,"Egypt, Morocco, Algeria, Bolivia, Bangladesh, Nepal and China have imposed outright bans. Countries that have restricted the ability of banks to deal with crypto-assets or prohibited their use for payment transactions include Nigeria, Namibia, Colombia, Ecuador, Saudi Arabia, Jordan, Turkey, Iran, Indonesia, Vietnam and Russia. The result of a questionnaire launched by FATF in July 2021, showed that less than 50% of reporting jurisdictions - 38 FATF members and 90 FATF-Style Regional Bodies (FSRB) members - had implemented the revised FATF Standards on Virtual Assets (VA) and VA Service Providers (VASPs) in their national law.",95,general,0,0,0,0.12481021136045456,0.8593466877937317,0.015843121334910393,0,0,0.88548344373703,0
S00303_P31,S00303,2022-04-25,Fabio Panetta,For a few cryptos more: the Wild West of crypto finance,"Crypto-assets in most instances do not fall within the scope of the Common Reporting Standard (CRS) developed by the OECD in 2014, which applies to traditional financial assets and fiat currencies. Even where crypto-assets do fall within the definition of financial assets, they can be owned either directly by individuals in cold (i.e. offline) wallets or via crypto-asset exchanges that do not have reporting obligations under the CRS. They are therefore unlikely to be reported to tax authorities in a reliable manner. See OECD (2022) Crypto-Asset Reporting Framework and Amendments to the Common Reporting Standard , public consultation document, 22 March-29 April.",102,general,0,0,0,0.07129507511854172,0.9096533060073853,0.019051631912589073,0,0,0.9948819875717163,0
S00310_P01,S00310,2022-05-16,Fabio Panetta,Public money for the digital era: towards a digital euro,"This possibility of conversion reinforces confidence in the various forms of private money used for euro payments, ensuring the smooth functioning of the payment system. Recent developments in the market for crypto-assets illustrate that it is an illusion to believe that private instruments can act as money when they cannot be converted at par into public money at all times. Despite claims that cryptos are a trustworthy form of ""currency"" free from public control, they are too risky to act as a reliable means of payment. They behave more like speculative assets and raise multiple public policy and financial stability concerns. Anyone investing in cryptos must be prepared to lose all their investment. To mitigate these risks, so-called stablecoins have emerged and have the potential to become globally systemic, especially if issued by big techs. But while the value of stablecoins is linked to what their issuers describe as ""reserve assets"" and adequate regulation and oversight could reduce risks, stablecoins are not risk-free. There is no guarantee that they can be redeemed at par at any time - just last week the world's biggest stablecoin temporarily lost its peg to the dollar. And stablecoins do not benefit from deposit insurance, nor do they have access to central bank standing facilities. They are therefore vulnerable to runs , as we have just seen with the crash of another stablecoin - TerraUSD. The benefits of a digital euro The increasing popularity of non-cash payments and the expansion of crypto-assets reveal a growing demand for immediacy and digitalisation. If the ""official sector"" - central banks and supervised intermediaries - does not satisfy this demand, others will.",273,usd,7,2,-1,0.4889279901981354,0.3860991895198822,0.1249728724360466,-1,1,0.980830192565918,-1
S00310_P02,S00310,2022-05-16,Fabio Panetta,Public money for the digital era: towards a digital euro,"Although many people are unaware of the differences between public and private money, they do know that banknotes protect them from a potential default by their bank. The use of central bank money in payment systems puts the value of private money to the test every day by checking their convertibility into the defined unit of value, so preserving confidence in the currency Panetta,For a few cryptos more: the Wild West of crypto finance F. For instance, crypto-assets are often used for illicit purposes. Across all crypto-assets tracked by Chainalysis, the total transactions amounted to USD 15.8 trillion in 2021.",100,general,1,0,-1,0.050845738500356674,0.9359303116798401,0.01322400476783514,0,0,0.9957173466682434,0
S00310_P03,S00310,2022-05-16,Fabio Panetta,Public money for the digital era: towards a digital euro,"As noted by Chainalysis, this figure is expected to rise as more addresses associated with illicit activity are identified over time. For instance, the share of crypto-asset transactions in 2020 identified as involving illicit addresses was initially estimated at 0.34% in their 2021 Report, but was subsequently revised to 0.62% in the 2022 Report. See the joint warning by the European Supervisory Authorities: ""EU financial regulators warn consumers on the risks of crypto-assets"", 17 March 2022. The value of a stablecoin is linked to a portfolio of one or more other assets (the reserve assets). Stablecoins are therefore not risk-free. Risks increase if stablecoin arrangements are backed by risky or opaque assets, especially in times of market turmoil. Panetta, F.",120,general,8,0,-1,0.1936751902103424,0.7815588116645813,0.024765977635979652,0,0,0.9886865615844727,0
S00313_P01,S00313,2022-06-01,Fabio Panetta,Adapting to the fast-moving cyber threat landscape: no room for complacency,"In turn, this calls for a sustained effort to identify and understand market dynamics. For example, crypto assets are increasingly being used to conduct ransomware attacks. Crypto actors themselves are also exposed to cyber risks. Often unregulated and having grown quickly, they are an attractive target. And because crypto-assets are increasingly linked to the traditional financial system , such attacks could ultimately have an impact on financial stability in the absence of adequate regulation and protection. Exogenous factors also have an impact on the cyber threat landscape in ways that are difficult to predict.",94,general,2,0,-1,0.10562301427125931,0.8723520040512085,0.022024940699338913,0,-1,0.8319074511528015,0
S00313_P02,S00313,2022-06-01,Fabio Panetta,Adapting to the fast-moving cyber threat landscape: no room for complacency,"Collectively and individually, ECRB members can raise awareness of our initiatives and help others benefit from them. As recent developments on the geopolitical front or in crypto asset markets show, we need to continuously adapt and strengthen our defences. That is why we need to share intelligence and experience to be able to detect attacks earlier, respond to them better and recover from them faster.",65,general,0,2,1,0.28107306361198425,0.5398340225219727,0.17909292876720428,0,0,0.8674493432044983,0
S00317_P01,S00317,2022-06-15,Fabio Panetta,The digital euro and the evolution of the financial system,"And if we don't act, we will also see increasing confusion about digital money. Crypto-assets are a case in point. Unbacked crypto-assets, for example, cannot perform the functions of money. They are neither stable nor scalable.",36,general,1,0,-1,0.5121917128562927,0.3022156357765198,0.1855926513671875,-1,-1,0.8916566967964172,-1
S00317_P02,S00317,2022-06-15,Fabio Panetta,The digital euro and the evolution of the financial system,"And, in some forms, they pose a danger to the environment and to other societal objectives. Stablecoins, meanwhile, are vulnerable to runs, as we have recently seen with algorithmic stablecoins. In this context, it is vital that any remaining regulatory gaps in the crypto-asset ecosystem are closed. I count on the work of this Parliament to ensure that an ambitious regulatory framework emerges from the current negotiations on the EU Regulation on Markets in Crypto-Assets (MiCA) and on the current legislative proposals on anti-money laundering and countering the financing of terrorism, especially in relation to information accompanying transfers of funds and certain crypto-assets (FCTR). To avoid this confusion about what digital money is and what it is not, we need the central bank to provide one of its own, responding to the demand for digitalisation and providing an anchor of stability in the world of digital finance.",147,general,3,0,-1,0.8834130764007568,0.10109450668096542,0.015492448583245277,-1,-1,0.972176194190979,-1
S00317_P03,S00317,2022-06-15,Fabio Panetta,The digital euro and the evolution of the financial system,"In particular, it would be important for stablecoins with an algorithm-based stabilisation mechanism to be treated as crypto-assets other than e-money tokens (EMTs) and asset-referenced tokens (ARTs), and they should not be used for payment purposes. Given that some algorithmic stablecoins have failed in the past (including the recent collapse of TerraUSD), algorithm-based stabilisation mechanisms without a reserve have proven to be conceptually flawed and have performed no better than bitcoin in terms of stability. This means that algorithmic stablecoins without an issuer and a reserve should be treated in the same way as crypto-assets other than EMTs and ARTs. Moreover, as crypto-assets are not of sufficient quality to back up the value and maintain the stability of ARTs/EMTs, the reserve assets of ARTs/EMTs should not include any crypto-assets - ARTs, EMTs or crypto-assets other than ARTs/EMTs. Finally, further clarification should be made to differentiate ARTs referring to other crypto-assets from conventional financial instruments: an ART designed to maintain a stable value by referring to another crypto-asset, or a basket of crypto-assets, could be considered as a financial instrument (e.g. a crypto-asset tracking the value of another crypto-asset may be an exchange-traded fund (ETF)). Such an asset should be subject to the relevant EU legislation (such as the Markets in Financial Instruments Directive or the Market Abuse Regulation). It would also be beneficial if the new European anti-money laundering authority were to supervise the riskiest crypto-asset providers, as this would help considerably in harmonising supervision across all EU Member States. For a full overview of the effects on the monetary and financial system stemming from the introduction of a digital euro, see Panetta, F.",274,eur,3,0,-1,0.9899786710739136,0.003982504829764366,0.006038809660822153,-1,0,0.9883742332458496,-1
S00330_P01,S00330,2022-09-26,Fabio Panetta,Demystifying wholesale central bank digital currency,"Big techs have entered the payments market, capitalising on the networks they operate. The crypto universe has boomed and burst. These disruptions show that we need to preserve - at all times - an anchor of stability for the monetary and payments systems.",43,general,1,0,-1,0.34489521384239197,0.4113994240760803,0.2437053769826889,0,-1,0.9810187816619873,0
S00330_P02,S00330,2022-09-26,Fabio Panetta,Demystifying wholesale central bank digital currency,"We must ensure that, in such a scenario, central bank money would still retain its role as the settlement asset for wholesale transactions. If, for example, market players start to use DLT for securities settlement but face difficulties using TARGET Services , they may turn to alternatives like commercial bank money or stablecoins. This would entail a number of risks, such as central bank money having a reduced role in settlement processes, as well as trading and liquidity becoming fragmented.",80,general,2,0,-1,0.9607676267623901,0.03164151310920715,0.0075908564031124115,-1,-1,0.9792442917823792,-1
S00330_P03,S00330,2022-09-26,Fabio Panetta,Demystifying wholesale central bank digital currency,"The result would be payments and securities settlement becoming less safe and less efficient, which would undermine financial stability. The use of stablecoins would magnify these risks. As we have seen in recent months, stablecoins are prone to runs. In other words, they are stable in name only.",48,general,2,1,-1,0.9609860777854919,0.03517546132206917,0.0038385118823498487,-1,-1,0.9997950196266174,-1
S00330_P04,S00330,2022-09-26,Fabio Panetta,Demystifying wholesale central bank digital currency,"As regards the latter, within the Eurosystem the Banca d'Italia has experimented with cross-currency settlement by interlinking TIPS with systems that settle foreign currencies. In permissionless DLTs, transactions between participants in the scheme are validated by solving cryptographic algorithms without the intervention of a central agent in charge of managing the scheme. For instance if they cannot smoothly initiate the corresponding cash transfer in the TARGET Services and settle in delivery-versus-payment mode (a securities settlement mechanism which links a securities transfer and a funds transfer in such a way as to ensure that delivery occurs if - and only if - the corresponding payment occurs).",105,general,0,0,0,0.02507314831018448,0.9542640447616577,0.020662782713770866,0,0,0.9996696710586548,0
S00342_P01,S00342,2022-11-07,Christine Lagarde,Digital euro: a common European project,"Second, in the absence of a public anchor, the emergence of new kinds of digital assets could harbour instability and confusion among citizens about what is money and what is not. Take for example crypto assets, held or used by 16% of Americans and 10% of Europeans in 2021. Their unbacked variants - such as Bitcoin or Ether - are too volatile to act as a means of payment. And while stablecoins are designed to be less volatile, and therefore more suitable for payments, they are vulnerable to runs - and often not backed at all as we witnessed earlier this year. This highlights the importance of the European crypto-assets regulation (MiCA) that will protect consumers against some of the risks associated with crypto assets. Third, the entry of big techs into payments could increase the risk of market domination and dependence on foreign payment technologies, with consequences for Europe's strategic autonomy.",152,usd,8,0,-1,0.7066919207572937,0.25682637095451355,0.03648177906870842,-1,-1,0.9999580383300781,-1
S00353_P01,S00353,2022-12-07,Fabio Panetta,Crypto dominos: the bursting crypto bubbles and the destiny of digital finance,"SPEECH Crypto dominos: the bursting crypto bubbles and the destiny of digital finance Keynote speech by Fabio Panetta, Member of the Executive Board of the ECB, at the Insight Summit held at the London Business School London, 7 December 2022 It is a true pleasure to be back at the London Business School. I did my PhD here many years ago.",61,general,0,0,0,0.08281604945659637,0.8117344379425049,0.10544952005147934,0,0,0.9996969699859619,0
S00353_P02,S00353,2022-12-07,Fabio Panetta,Crypto dominos: the bursting crypto bubbles and the destiny of digital finance,"I am particularly grateful to my PhD supervisor and dear friend, Professor Richard Brealey. Moving from the past to the future, today I will discuss crypto-assets and the destiny of digital finance. When I last spoke about crypto finance at Columbia University last April, I likened it to the Wild West and warned about the risks stemming from irrational exuberance among investors, negative externalities and the lack of regulation. Crypto markets have since witnessed a number of painful bankruptcies. The crypto dominos are falling, sending shockwaves through the entire crypto universe, including stablecoins and decentralised finance (DeFi). The crash of TerraUSD, then the world's third-largest stablecoin, and the recent bankruptcy of the leading crypto exchange FTX and 130 affiliated companies each took only a few days to unfold. This is not just a bubble that is bursting.",137,general,2,0,-1,0.4450834393501282,0.5007569193840027,0.054159581661224365,0,-1,0.9994131326675415,0
S00353_P03,S00353,2022-12-07,Fabio Panetta,Crypto dominos: the bursting crypto bubbles and the destiny of digital finance,"The sell-off is exposing those ""swimming naked"". It has laid bare some unbelievably poor business and governance practices across a number of crypto firms. It has revealed that some investors have been acting carelessly by investing blindly without proper due diligence. And similar to the sub-prime crisis, the crash has uncovered the interconnections and opaque structures within the crypto house of cards. This is set to dampen enthusiasm in the belief that technology can free finance from scrutiny.",78,general,1,0,-1,0.5105323195457458,0.40980252623558044,0.0796651840209961,-1,-1,0.9999463558197021,-1
S00353_P04,S00353,2022-12-07,Fabio Panetta,Crypto dominos: the bursting crypto bubbles and the destiny of digital finance,"It requires transparency, regulatory safeguards and scrutiny. Does this mean we are witnessing the endgame for crypto? Probably not.",19,general,1,0,-1,0.38664761185646057,0.4493441879749298,0.16400818526744843,0,0,0.943693995475769,0
S00353_P05,S00353,2022-12-07,Fabio Panetta,Crypto dominos: the bursting crypto bubbles and the destiny of digital finance,"On horse races, football games and many other events. And some investors will continue to gamble by taking speculative positions on crypto-assets. Today I will argue that the fundamental flaws of crypto-assets mean that they can quickly collapse when irrational exuberance subsides. We should therefore focus on protecting inexperienced investors and preserving the stability of the financial system. Ensuring that crypto-assets are subject to adequate regulation and taxation is one path to achieving this. Here, we need to move rapidly from debate to decision and then implementation. But even regulation will not be enough to address the shortcomings of cryptos. To harness the possibilities of digital technologies, we must provide solid foundations for the broader digital finance ecosystem.",118,general,2,0,-1,0.7526761889457703,0.14353659749031067,0.10378722846508026,-1,0,0.8210197687149048,-1
S00353_P06,S00353,2022-12-07,Fabio Panetta,Crypto dominos: the bursting crypto bubbles and the destiny of digital finance,"And that is why the ECB is working on a digital euro while also considering new technologies for the future of wholesale settlement in central bank money. Fundamental flaws in crypto finance The philosophy behind cryptos is that digital technology can replace regulated intermediaries and avoid state ""intrusion"". In other words, that it is possible to build a trustless but stable financial system based on technology.",66,general,0,0,0,0.3034762144088745,0.5750135183334351,0.12151022255420685,0,0,0.6734519600868225,0
S00353_P07,S00353,2022-12-07,Fabio Panetta,Crypto dominos: the bursting crypto bubbles and the destiny of digital finance,"This is just an illusion, as was clear from the outset and confirmed by recent developments. In fact, it is precisely the absence of regulation and public scrutiny that blinded investors to the risks involved, leading to the rise and subsequent fall of crypto-assets. The risks associated with crypto finance stem from three fundamental flaws. I will address each of them in turn. Unbacked crypto-assets offer no benefits to society The main structural flaw of unbacked crypto-assets - which form the bulk of the crypto market (Chart 1) - is that they do not offer any benefits to society. Chart 1 Market capitalisation of crypto-assets (EUR billions) Sources CryptoCompare and ECB calculations. Notes: Crypto-asset market capitalisation is calculated as the product of circulating supply and the price of crypto-assets. If the circulating supply were adjusted for the lost bitcoins which are proxied by those that have not been used for longer than seven years, it would be around 20% lower.",160,general,4,2,-1,0.10904334485530853,0.8584628105163574,0.03249381482601166,0,0,0.964747428894043,0
S00353_P08,S00353,2022-12-07,Fabio Panetta,Crypto dominos: the bursting crypto bubbles and the destiny of digital finance,"The selected major altcoins are Cardano (ADA), Bitcoin Cash (BCH), Dogecoin (DOGE), Link (LINK), Litecoin (LTC), Binance Coin (BNB), Ripple (XRP), Polkadot (DOT) and Solana (SOL). The selected major stablecoins are Gemini USD (GUSD), True USD (TUSD), USD Coin (USDC), Tether (USDT), Binance USD (BUSD) and Pax Dollar (USDP). Algorithmic stablecoins were excluded. Despite consuming a vast amount of human, financial and technological resources, unbacked crypto-assets do not perform any socially or economically useful function. They are not used for retail or wholesale payments - they are just too volatile and inefficient.",92,usd,2,0,-1,0.2711640000343323,0.6320624947547913,0.09677348285913467,0,0,0.9999953508377075,0
S00353_P09,S00353,2022-12-07,Fabio Panetta,Crypto dominos: the bursting crypto bubbles and the destiny of digital finance,"And they play no part in combating climate change. In fact, unbacked crypto-assets often do the exact opposite: they can cause huge amounts of environmental damage. They are also widely used for criminal and terrorist activities, or to evade taxes. As a form of investment, unbacked crypto-assets lack any intrinsic value. They have no underlying claim: there is neither an issuer who is accountable and liable, nor are they backed by collateral.",72,general,2,0,-1,0.4335383474826813,0.504356861114502,0.06210484728217125,0,0,0.9908892512321472,0
S00353_P10,S00353,2022-12-07,Fabio Panetta,Crypto dominos: the bursting crypto bubbles and the destiny of digital finance,"Therefore, their value cannot be estimated from future income discounted to the present, like for real and financial assets. Unbacked crypto-assets cannot help to diversify portfolios. Recent developments show that their value does not increase when income becomes more valuable to consumers - such as in periods of high inflation or low growth. Crypto-assets are not digital gold. Their price changes show increasing correlation with stock markets (Chart 2), with much higher volatility.",73,general,2,0,-1,0.10227883607149124,0.8624685406684875,0.03525259345769882,0,0,0.9901794195175171,0
S00353_P11,S00353,2022-12-07,Fabio Panetta,Crypto dominos: the bursting crypto bubbles and the destiny of digital finance,"And recent developments highlight their intrinsic instability: the first bitcoin exchange-traded fund lost more on its price since its launch than any other that has been issued. Chart 2 Correlation between bitcoin and stock markets 60-day rolling correlation between bitcoin and selected stock indices Sources: Bloomberg, CryptoCompare and ECB calculations. Many investors have suffered significant losses from the crypto collapse and cannot expect any compensation. There are no insurance schemes. And in several instances, crypto-assets have been shown to offer little protection against IT and cyber risks. On the whole, it is difficult to see a justification for the existence of unbacked crypto-assets in the financial landscape. Their combined features mean that they are just speculative assets.",117,general,6,0,-1,0.21630306541919708,0.7225050330162048,0.06119195371866226,0,-1,0.9990357160568237,0
S00353_P12,S00353,2022-12-07,Fabio Panetta,Crypto dominos: the bursting crypto bubbles and the destiny of digital finance,"In fact, they are a gamble disguised as an investment asset. Millions of investors were lured by an illusory narrative of ever-rising crypto-asset prices - a narrative that was fuelled by extensive news reports and investment advice on social media, highlighting past price increases and features such as artificial scarcity to create the fear of missing out. Many invested without understanding what they were buying.",65,general,0,0,0,0.539433479309082,0.32968825101852417,0.130878284573555,-1,-1,0.7052115201950073,-1
S00353_P13,S00353,2022-12-07,Fabio Panetta,Crypto dominos: the bursting crypto bubbles and the destiny of digital finance,"Until the enthusiasm vanishes and the bubble bursts. The market value of crypto-assets has shrunk from EUR 2.5 trillion at its peak a year ago to less than EUR 1 trillion today (Chart 1). The price of bitcoin has fallen by more than 70% from its peak (Chart 3). Chart 3 Price of bitcoin (EUR) Sources: CryptoCompare and ECB calculations. Stablecoins are exposed to runs The second structural flaw is the purported stability of stablecoins, which the entire crypto ecosystem has relied on to underpin trading in crypto-assets and liquidity provision in DeFi markets. Although stablecoins represent only a small part of the crypto-asset market, crypto trading using Tether, the largest stablecoin, accounts for close to half of all trading on crypto-asset trading platforms (Chart 4). Chart 4 Stablecoin trading volumes and use in crypto trading Sources: IntoTheBlock, CryptoCompare and ECB calculations.Notes: Panel a): The data are for the period from 1 January 2020 to 29 November 2022. Trading volume data are based on CryptoCompare's real-time aggregate index methodology (CCCAGG), which aggregates transaction data from more than 250 exchanges. The chart reflects the sum of trading volumes involving bitcoin or ether (monthly average), as well as the respective percentages of the volume of trades occurring between bitcoin/ether and listed assets or asset groups. ""Other stablecoins"" includes USD Coin, DAI, Pax Dollar, TerraUSD and 12 other large stablecoins. ""Other crypto-assets"" includes 29 of the largest unbacked crypto-assets after bitcoin and ether. ""Official currencies"" includes USD, EUR, JPY, GBP, RUB, PLN, AUD, BRL, KRW, TRY, UAH, CHF, CAD, NZD, ZAR, NGN, INR and KZT.",262,usd,1,0,-1,0.3788010776042938,0.6023397445678711,0.018859142437577248,0,0,0.9999798536300659,0
S00353_P14,S00353,2022-12-07,Fabio Panetta,Crypto dominos: the bursting crypto bubbles and the destiny of digital finance,"Panel b): The data are for the period from 1 January 2022 to 29 November 2022. Stablecoin liquidity in decentralised exchanges is approximated based on the ten most liquid pairs on Curve, Uniswap and SushiSwap as at 29 November 2022. ""Stablecoins (collateralised)"" includes Tether, USD Coin and True USD. ""Stablecoins (algorithmic)"" includes DAI, Magic Internet Money and three further stablecoins. ""Other crypto-assets"" includes ether, PAX Gold and FNK wallet. ""DeFi Tokens"" includes wrapped bitcoin, Uniswap's governance token UNI, SushiSwap's governance token SUSHI and 16 other tokens of different DeFi protocols. Stablecoins appeal to users because it is claimed that, unlike unbacked cryptos, they provide stability by having their value tied to a portfolio of assets - known as ""reserve assets"" - against which stablecoin holdings can be redeemed. Algorithmic stablecoins, meanwhile, aim to match supply and demand to maintain a stable value. But the recent crypto crash has highlighted that - without sound regulation - stablecoins are stable in name only. Digital innovation cannot, for example, build stable values on the basis of codes and mechanisms of dependency. This was the key takeaway from the collapse of the algorithmic stablecoin TerraUSD, which lost its peg to the US dollar in May and has since been trading for less than 10 US cents (Chart 5). Chart 5 TerraUSD's lost peg (USD) Source: CryptoCompare. Tether also temporarily lost its peg amid the ensuing market stress. This showed that, even for collateralised stablecoins, risks cannot be eliminated easily. Without public backing, the risks of contagion and runs are widespread and the liquidation of part of the reserve assets can have procyclical effects and further reduce the value of the remaining reserve assets.",279,usd,6,1,-1,0.21367071568965912,0.703697919845581,0.08263133466243744,0,0,0.9999892711639404,0
S00353_P15,S00353,2022-12-07,Fabio Panetta,Crypto dominos: the bursting crypto bubbles and the destiny of digital finance,"These risks are magnified when the composition of the reserve assets is concealed. Overall, this scramble for stability and the shortcomings of stablecoins underscore the importance of a settlement asset that maintains its value under stressed conditions. In the absence of a risk-free digital anchor, which only digital central bank money can provide, stablecoins represent an overambitious attempt to create a risk-free digital asset backed by risky assets. Crypto markets are highly leveraged and interconnected The third structural weakness is the fact that crypto markets may have incredibly high leverage and interconnections. This creates strong procyclical effects, given the lack of shock absorption capacity. Crypto exchanges allow investors to increase exposures by up to 125 times the initial investment (Chart 6, left panel). As a result, when shocks hit and deleveraging is needed, they are forced to shed assets, putting strong downward pressure on prices (Chart 6, right panel).",149,general,4,0,-1,0.7860016822814941,0.2088208943605423,0.005177420098334551,-1,-1,0.9937841892242432,-1
S00353_P16,S00353,2022-12-07,Fabio Panetta,Crypto dominos: the bursting crypto bubbles and the destiny of digital finance,"Shocks can propagate rapidly across collateral chains and are amplified by positions liquidated automatically using smart contracts. These are precisely the dynamics we have seen at work in the recent crypto failures, which have sent shockwaves throughout the crypto universe, including in DeFi markets used to build leverage. The inadequate governance of crypto firms has magnified these structural flaws. Insufficient transparency and disclosure, the lack of investor protection, and weak accounting systems and risk management were blatantly exposed by the implosion of FTX. Following this event, crypto-assets may move away from centralised to decentralised exchanges, creating new risks owing to the absence of a central governance body. The destiny of digital finance These fundamental flaws have led many to predict the demise of crypto-assets. But these flaws alone are unlikely to spell the end of cryptos, which will continue to attract investors looking to gamble. Gambling is perhaps the second oldest profession in the world.",155,general,2,0,-1,0.30729034543037415,0.631491482257843,0.06121821701526642,0,-1,0.9999810457229614,0
S00353_P17,S00353,2022-12-07,Fabio Panetta,Crypto dominos: the bursting crypto bubbles and the destiny of digital finance,"People have always gambled in different ways: casting lots, rolling dice, betting on animals or playing cards. And in the digital era I expect them to continue gambling by taking speculative positions on crypto-assets. We therefore need to mitigate the risks, while harnessing the innovative potential of digital finance beyond cryptos. There are two elements to this. Regulating crypto-assets The first is to regulate crypto-assets and ensure that they do not benefit from preferential treatment compared with other assets. The recent failures of crypto entities do not seem to have had a material impact on the financial sector. But they have highlighted the immense potential for economic and social damage if we leave cryptos unchecked. And the links between the crypto market and the financial system may become stronger, especially as major tech companies enter the sector. That is why we now need - urgently - to regulate crypto-assets. It is crucial that the regulatory frameworks currently in the legislative process quickly enter into force and start being implemented so that words can be followed by deeds.",177,general,2,2,0,0.6966650485992432,0.2397562712430954,0.06357870250940323,-1,0,0.9811868667602539,-1
S00353_P18,S00353,2022-12-07,Fabio Panetta,Crypto dominos: the bursting crypto bubbles and the destiny of digital finance,"For one, they need to build guardrails to tackle regulatory gaps and arbitrage. But they also need to avoid legitimising unsound crypto models and refrain from socialising the risks through bailouts. Regulatory efforts should primarily be directed at preventing the use of crypto-assets as a way of circumventing financial regulation. The principle of ""same functions, same risks, same rules"" applies regardless of technology. This should be coupled with measures to ensure that the risks of crypto-assets are clear to all. Potential buyers should be fully aware of the risks they take when buying cryptos and the services surrounding them. Gambling activities should be treated as such. The other task is to shield the mainstream financial system from crypto risks, notably by segregating any crypto-related activities of supervised intermediaries. The EU's Regulation on Markets in Crypto-Assets (MiCA) is leading the way in building a comprehensive regulatory framework. MiCA will regulate stablecoins, crypto-assets other than stablecoins, and crypto-asset service providers. It will subject stablecoin issuers of e-money tokens and asset-referenced tokens to licensing and supervision. And it will regulate the reserve assets backing stablecoins in order to contain their risks. In turn, the regulation requires that buyers of crypto-assets are informed about the inherent risks involved. It is crucial that the regulation enters into force as soon as possible. Looking ahead, the regulation of crypto activities will have to be adapted to the continuous evolution of crypto risks. Given the time needed to design and apply new legislation, it is important to empower regulators, overseers and supervisors to adjust their instruments to keep pace with market and technological developments.",267,eur,8,0,-1,0.7639749646186829,0.20541100203990936,0.030614027753472328,-1,0,0.9997016787528992,-1
S00353_P19,S00353,2022-12-07,Fabio Panetta,Crypto dominos: the bursting crypto bubbles and the destiny of digital finance,"But we are responsible for overseeing European payment systems, and we have already taken action in this field. Our oversight framework for payment instruments, schemes and arrangements - the PISA framework - that was launched last year addresses the risks of stablecoins and other crypto-assets for payment systems. Since crypto-assets know no borders, their regulatory framework must be global. This requires rapid implementation of the Financial Stability Board's recommendations to make the regulatory, supervisory and oversight approaches to crypto activities consistent and comprehensive across different countries. Swift progress is also needed to finalise the Basel Committee on Banking Supervision's framework for the prudential treatment of banks' crypto-asset activities. Addressing and internalising social risks Authorities also need to address the significant social costs of crypto-assets, such as tax evasion, illicit activities and their environmental impact. The use of crypto-assets for money laundering and terrorist financing could be prevented by applying the standards set by the Financial Action Task Force. The other task is to ensure that the taxation of crypto-assets is harmonised across jurisdictions and consistent with how other instruments are taxed. In Europe, given the negative externalities that crypto activities can generate across multiple Member States, the EU should introduce a tax levied on cross-border crypto issuers, investors and service providers. This would generate revenues that can be used to finance EU public goods that counter the negative effects of crypto-assets. Such a tax could, for example, address the high energy and environmental costs associated with some crypto-mining and validation activities. This would be in line with the current EU priorities to address climate change and ensure energy security . Crypto-assets deemed to have an excessive ecological footprint should also be banned. Balancing innovation and stability: an anchor for digital finance But even regulation would not be enough to provide a stable basis for digital finance.",306,general,4,2,-1,0.9941204786300659,0.004567407071590424,0.0013121124356985092,-1,0,0.9991883635520935,-1
S00353_P20,S00353,2022-12-07,Fabio Panetta,Crypto dominos: the bursting crypto bubbles and the destiny of digital finance,"The second factor at play here is that, in order to harness the opportunities offered by technological innovation, we need to give digital finance - like other forms of finance - an anchor of stability in the form of a digital risk-free asset. Only central bank money can provide an anchor of stability Some commentators are of the view that adequate regulation would allow stablecoins to provide such a risk-free asset. This is a misconception. Stablecoins invest their reserve assets in market instruments, which inevitably exposes them to several risks: liquidity, credit, counterparty and operational risks. Prudent investment policies can reduce but not eliminate such risks. The riskiness of stablecoins will over time lead to them being traded at variable prices, making them unsuitable as risk-free assets. Risks could theoretically be eliminated by allowing full-reserve - or narrow - stablecoins to hold their reserve assets entirely in the form of risk-free deposits at the central bank. This would avoid custody and investment risks for stablecoins and underpin their commitment to reimburse coin holders at par value at all times. But other fundamental problems would then emerge.",186,general,10,2,-1,0.8321021795272827,0.14898739755153656,0.018910443410277367,-1,0,0.9627369046211243,-1
S00353_P21,S00353,2022-12-07,Fabio Panetta,Crypto dominos: the bursting crypto bubbles and the destiny of digital finance,"In fact, this would be tantamount to outsourcing the provision of central bank money. It could even threaten monetary sovereignty if a stablecoin were to largely displace sovereign money. And narrow stablecoins could divert sizeable deposits away from banks, with potential adverse consequences for the financing of the real economy. Only central bank money can provide an anchor of stability.",60,general,2,0,-1,0.8727048635482788,0.10737287253141403,0.019922267645597458,-1,-1,0.9650899171829224,-1
S00353_P22,S00353,2022-12-07,Fabio Panetta,Crypto dominos: the bursting crypto bubbles and the destiny of digital finance,"Conclusion Let me conclude. Born in the depths of the global financial crisis, crypto-assets were portrayed as a generational phenomenon, promising to bring about radical change in how we pay, save and invest. Instead, they have become the bubble of a generation. It is now obvious to everyone that the promise of easy crypto-money and high returns was a bubble doomed to burst. It turns out that crypto-assets are not money. Many are just a new way of gambling. There is an urgent need globally for regulation to protect consumers from the risks of crypto-assets, define minimum requirements for crypto firms' risk management and corporate governance, and reduce the run and contagion risks of stablecoins. We should also tax crypto-assets according to their social costs. But regulation will not turn risky instruments into safe money.",135,general,6,1,-1,0.8831585645675659,0.08087374269962311,0.035967715084552765,-1,1,0.6662314534187317,-1
S00353_P23,S00353,2022-12-07,Fabio Panetta,Crypto dominos: the bursting crypto bubbles and the destiny of digital finance,"A complex, interlinked but mostly unregulated crypto ecosystem of miners, wallets, tumblers and exchanges has developed, and a range of ancillary crypto services mimicking traditional financial services have come to the fore in the form of decentralised finance (DeFi). With DeFi it is now possible, for example, to lend, borrow and earn returns when ""staking"" or ""yield farming"" crypto-assets. As Warren Buffett famously noted, ""only when the tide goes out do you discover who's been swimming naked"".",77,general,0,0,0,0.2069287747144699,0.5884247422218323,0.20464643836021423,0,0,0.9981698989868164,0
S00353_P24,S00353,2022-12-07,Fabio Panetta,Crypto dominos: the bursting crypto bubbles and the destiny of digital finance,"See Cambridge Bitcoin Electricity Consumption Index. Europol notes that the illicit use of crypto-assets is predominantly associated with money laundering purposes, the (online) trade of illicit goods and services, and fraud. Chainalysis estimates that the amounts of crypto-assets exchanged for criminal purposes exceeded USD 15 billion in 2021 and notes that criminal activity appears to be more resilient in the face of price declines, with illicit volumes down just 15%, year on year, in the first half of 2022, compared with 36% for legitimate volumes. In the case of hacking, the value stolen was even higher in the first half of 2022 compared to the first half of 2021.",109,general,5,0,-1,0.050310831516981125,0.9218102693557739,0.02787887677550316,0,1,0.5793746709823608,0
S00353_P25,S00353,2022-12-07,Fabio Panetta,Crypto dominos: the bursting crypto bubbles and the destiny of digital finance,There have also been several cases of crypto-asset holders losing all their savings after losing their wallet passwords. A survey showed that one-third of crypto-asset investors know little or nothing about these assets.,33,general,0,0,0,0.3437349498271942,0.6174104809761047,0.03885452449321747,0,-1,0.9630723595619202,0
S00353_P26,S00353,2022-12-07,Fabio Panetta,Crypto dominos: the bursting crypto bubbles and the destiny of digital finance,"Satoshi Nakamoto was in fact open about this when saying the following about bitcoin in 2009: ""It might make sense just to get some in case it catches on. If enough people think the same way, that becomes a self-fulfilling prophecy."" Bitcoin has generated more greed and enthusiasm among inexperienced investors than any other unbacked crypto-assets. See the section entitled ""Stablecoins' role within the crypto-asset ecosystem"" in Adachi, M. et al. Less than 10% of the total crypto-asset market at present. In September 2022. These are collateralised stablecoins. Holders could redeem USD 1 of Terra for USD 1 worth of the crypto-asset Luna, which would be issued to meet demand. TerraUSD's market capitalisation fell from around USD 18 billion to less than USD 2 billion and, as at 30 November 2022, stood at just USD 209 million. The price of Tether came under pressure amid the crypto market stress, with the largest stablecoin temporarily losing its peg on 12 May. Since then, Tether has seen outflows of more than EUR 8 billion, which is equivalent to almost 10% of its market capitalisation. Their liabilities are liquid and redeemable on demand, but their assets are longer term and less liquid.",199,usd,1,0,-1,0.11051124334335327,0.8084461092948914,0.08104263991117477,0,0,0.999704897403717,0
S00353_P27,S00353,2022-12-07,Fabio Panetta,Crypto dominos: the bursting crypto bubbles and the destiny of digital finance,"For example: after the crash of the stablecoin TerraUSD in early May, TVL in DeFi fell by almost 40% or EUR 80 billion, with credit and staking protocols suffering the biggest decreases. For instance, FTX and Alameda Research were highly intertwined with the latter reported to have faced severe losses from leveraged positions related to the TerraUSD crash. On 28 November 2022 the crypto lender BlockFi filed for bankruptcy given the close connections to FTX. The new CEO appointed following FTX's filing for bankruptcy stated in his declaration in support of the bankruptcy petition: ""Never in my career have I seen such a complete failure of corporate controls and such a complete absence of trustworthy financial information as occurred here.",120,general,1,0,-1,0.6662158966064453,0.24757517874240875,0.08620890229940414,-1,-1,0.9999699592590332,-1
S00353_P28,S00353,2022-12-07,Fabio Panetta,Crypto dominos: the bursting crypto bubbles and the destiny of digital finance,"For instance, Visa had announced in October 2022 that FTX-branded Visa debit cards would be linked directly to a user's FTX account to enable card holders to use cryptos to fund purchases at merchants. This agreement with FTX has since been terminated and the debit card programme is being wound down.",51,general,0,1,1,0.07821770757436752,0.8982265591621399,0.02355569787323475,0,-1,0.9830055832862854,0
S00353_P29,S00353,2022-12-07,Fabio Panetta,Crypto dominos: the bursting crypto bubbles and the destiny of digital finance,"The authors call for not even bringing cryptos under a regulatory framework to avoid the perception of any public support in a stress event, like a run on a crypto provider, such as FTX. See the warning issued jointly by European Supervisory Authorities on the risks of crypto-assets for consumers. E-money tokens aim at stabilising their value by referencing only one official currency. Asset-referenced tokens refer to all other crypto-assets than e-money tokens whose value is backed by assets. Market participants should already take into account prospective requirements, such as consumer risk information or the need for transparent and segregated reserves that can withstand stress.",105,eur,4,0,-1,0.6528444290161133,0.2814265489578247,0.0657290369272232,-1,0,0.999936580657959,-1
S00353_P30,S00353,2022-12-07,Fabio Panetta,Crypto dominos: the bursting crypto bubbles and the destiny of digital finance,"The social value of crypto-assets may be negative as their opaqueness and lack of scrutiny makes them prone to tax evasion, money laundering, terrorist financing and the circumvention of sanctions, while they consume considerable amounts of energy, especially when relying on proof-of-work. For example, Digiconomist estimates that one Bitcoin transaction (using proof-of-work) has a carbon footprint equivalent to that of 804,367 Visa transactions.",63,general,1,0,-1,0.26443061232566833,0.6098722219467163,0.12569710612297058,0,-1,0.9991368651390076,0
S00353_P31,S00353,2022-12-07,Fabio Panetta,Crypto dominos: the bursting crypto bubbles and the destiny of digital finance,"The OECD recently approved a Crypto-Asset Reporting Framework (CARF) which provides for the standardised reporting of tax information on transactions in crypto-assets and could help address the tax aspect. See Panetta, F.",32,general,0,0,0,0.03927021846175194,0.864539384841919,0.0961904227733612,0,0,0.9999105930328369,0
S00353_P32,S00353,2022-12-07,Fabio Panetta,Crypto dominos: the bursting crypto bubbles and the destiny of digital finance,"For now, the nearly final EU Regulation on Markets in Crypto-Assets (MiCA) includes a first step by mandating a follow-up on the environmental impact of proof-of-work. Moreover, lenders might find it more attractive to put their money in stablecoin issuers instead of the overnight repo market, impairing market liquidity and amplifying run risks in times of stress. See Panetta, F.",60,general,2,0,-1,0.3863672912120819,0.4973759651184082,0.11625675112009048,0,0,0.894280731678009,0
S00354_P01,S00354,2022-12-08,Christine Lagarde,Macroprudential policy in Europe: building resilience in a challenging environment,"That is because we must contend with potentially new sources of financial stability risk. For example, one area in which the financial system is adapting to new technologies is in so-called crypto-assets and decentralised finance. Crypto-assets are exceptionally volatile and pose considerable risks to consumers. After peaking in November 2021, the price of Bitcoin fell by almost 75% in the space of a year. And only last month we saw the chaotic collapse of FTX, a crypto-asset exchange once valued at USD 32 billion. While the impact of such episodes has been contained so far, systemic risk could easily arise from increasing interlinkages between the crypto ecosystem and the traditional financial system. Policymakers, including macroprudential authorities, must carefully consider if and how the crypto ecosystem needs to be regulated. Europe has been at the forefront here with the agreement on the Markets in Crypto-Assets Regulation (MiCA). Its swift implementation is key to closing regulatory gaps, with MiCA providing a consistent framework for crypto-asset issuance and service provision in the EU. But this can only be a first step.",178,general,5,0,-1,0.20003682374954224,0.750572919845581,0.04939032346010208,0,-1,0.9963864088058472,0
S00354_P02,S00354,2022-12-08,Christine Lagarde,Macroprudential policy in Europe: building resilience in a challenging environment,"From a financial stability perspective, financial regulation could be enhanced along several dimensions. For instance, sectoral financial regulation needs to address the risk from interlinkages through financial institutions' exposures to crypto-assets. Monitoring needs to be complemented by clarity on the regulation of lending and ""staking"" activities.",46,general,1,2,1,0.6713451743125916,0.27197152376174927,0.056683290749788284,-1,0,0.9985023736953735,-1
S00354_P03,S00354,2022-12-08,Christine Lagarde,Macroprudential policy in Europe: building resilience in a challenging environment,"Staking refers to the process of actively participating in crypto-asset transaction validation on a proof-of-stake blockchain. Rewards can be earned, which are akin to a source of passive income for crypto-asset holders. Policymakers must assess whether staking could be considered another source of non-bank lending, with the crypto-asset holder acting as a lender and the blockchain protocol as the borrower.",60,general,0,0,0,0.18579436838626862,0.7263092994689941,0.08789632469415665,0,0,0.9999942779541016,0
S00364_P01,S00364,2023-03-08,Fabio Panetta,The Quick and the Dead: building up cyber resilience in the financial sector,"SPEECH The Quick and the Dead: building up cyber resilience in the financial sector Introductory remarks by Fabio Panetta, Member of the Executive Board of the ECB, at the meeting of the Euro Cyber Resilience Board for pan-European Financial Infrastructures Frankfurt am Main, 8 March 2023 The proliferation of cyber threat actors combined with an increase in remote working and greater digital interconnectedness is raising the risk, frequency and severity of cyberattacks. Increasingly, cyber criminals are launching ransomware attacks and demanding payment in crypto. Cyberattacks related to geopolitical developments - Russia's aggression against Ukraine in particular - have also become a more common feature of the cyber-threat landscape.",108,general,3,0,-1,0.0662497878074646,0.9050260782241821,0.028724143281579018,0,1,0.5883775353431702,0
S00364_P02,S00364,2023-03-08,Fabio Panetta,The Quick and the Dead: building up cyber resilience in the financial sector,"Second, enforcement agencies need to conduct forensic analyses, locate attackers and join forces to prosecute them. Third, crypto-assets - especially unbacked crypto-assets, which are used to make ransomware payments owing to the anonymity and money laundering possibilities they offer - need to be strictly regulated. Similarly, crypto-asset transfers must be traceable. The proposed EU Regulation for Markets in Crypto-Assets (MiCA) and revision to the Regulation on information accompanying transfers of funds, which extends the ""travel rule"" to crypto-assets, are important steps. However, to be effective and prevent regulatory arbitrage, regulation must be stepped up globally. Implementation of the Financial Action Task Force (FATF) guidance for crypto-assets and its enforcement at international level are therefore crucial. In addition, all firms need to have the highest level of cyber controls in place to prevent attacks from being successful and to detect and recover from ransomware attacks.",144,general,2,0,-1,0.4910154938697815,0.4559284746646881,0.0530560128390789,-1,0,0.9995356798171997,-1
S00364_P03,S00364,2023-03-08,Fabio Panetta,The Quick and the Dead: building up cyber resilience in the financial sector,"The actual amount extorted may be even higher, as may the number of attacks. See ""The 2023 Crypto Crime Report"", Chainalysis, February 2023. See Panetta, F.",26,general,0,0,0,0.1265636831521988,0.8496062159538269,0.023830046877264977,0,0,0.9996885061264038,0
S00383_P01,S00383,2023-05-25,Luis de Guindos,Presentation of the ECB Annual Report 2022 to the Committee on Economic and Monetary Affairs of the European Parliament,"Our banking sector is strong today, largely thanks to the reforms and prudential policies implemented over the past years. However, the recent events should remind us to consistently attune our regulatory framework to the times - doing so, among other ways, by monitoring and reacting to new developments such as crypto-assets, digitalisation and the impact of social media. For our part, we have been working at international level with the Basel Committee on Banking Supervision (BCBS) and the Financial Stability Board to assess what can be learned from the recent events. We have also helped to define the BCBS standard for the prudential treatment of banks' crypto-asset exposures. Your role as co-legislators will be crucial in keeping our framework robust.",120,usd,0,0,0,0.2411528080701828,0.6836228370666504,0.0752243623137474,0,1,0.9999914169311523,0
S00383_P02,S00383,2023-05-25,Luis de Guindos,Presentation of the ECB Annual Report 2022 to the Committee on Economic and Monetary Affairs of the European Parliament,"We are very concerned about the numerous deviations from the Basel standards introduced in the EU banking package and think they should be avoided. Second, we need to swiftly implement in EU law the aforementioned BCBS standard for the prudential treatment of crypto-asset exposures. We need to be ambitious and make rapid progress, in particular on the envisaged exposure limit to reduce contagion between crypto and banks. Third, it is imperative that we complete the banking union - the European Commission's proposal on crisis management and deposit insurance is an important step towards this goal.",95,general,3,1,-1,0.8984058499336243,0.057988930493593216,0.043605249375104904,-1,-1,0.968280017375946,-1
S00383_P03,S00383,2023-05-25,Luis de Guindos,Presentation of the ECB Annual Report 2022 to the Committee on Economic and Monetary Affairs of the European Parliament,"A well-functioning governance framework is essential from an economic, monetary and financial stability perspective. Second, on financial sector policies, we need to make progress on the Basel III reforms, crypto-asset standards, and the crisis management package - along the lines just outlined. Third, on banking union, the lack of a European deposit insurance scheme is a source of vulnerability; completing the banking union is essential to pave the way for a stronger and more prosperous Europe.",76,general,2,1,-1,0.7190114855766296,0.2068699300289154,0.07411850988864899,-1,-1,0.9341314435005188,-1
S00393_P01,S00393,2023-06-23,Fabio Panetta,Paradise lost? How crypto failed to deliver on its promises and what to do about it,"SPEECH Paradise lost? How crypto failed to deliver on its promises and what to do about it Speech by Fabio Panetta, Member of the Executive Board of the ECB, at a panel on the future of crypto at the 22nd BIS Annual Conference, 23 June 2023 Basel, 23 June 2023 Introduction Some 15 years ago, software developers using the pseudonym Satoshi Nakamoto created the source code of what they thought could be decentralised digital cash. Since then, crypto has relied on constantly creating new narratives to attract new investors, revealing incompatible views of what crypto-assets are or ought to be. The vision of digital cash - of a decentralised payment infrastructure based on cryptography - went awry when blockchain networks became congested in 2017, resulting in soaring transaction fees. Subsequently, the narrative of digital gold gained momentum, sparking a ""crypto rush"" that led to one in five adults in the United States and one in ten in Europe speculating on crypto, with a peak market capitalisation of EUR 2.5 trillion. However, this illusion of crypto-assets serving as easy money and a robust store of value dissipated with the onset of the crypto winter in November 2021. The fall in the price of cryptos (Chart 1) led to a decrease of around EUR 2 trillion worth of crypto assets within less than a year. This caught millions of investors unprepared.",229,usd,1,0,-1,0.3720150291919708,0.5658361911773682,0.06214877590537071,0,0,0.9987741112709045,0
S00393_P02,S00393,2023-06-23,Fabio Panetta,Paradise lost? How crypto failed to deliver on its promises and what to do about it,"An estimated three-quarters of bitcoin users suffered losses on their initial investments at this time. Chart 1 Prices of bitcoin and selected altcoins (USD thousands) Source: CryptoCompare. Notes: The data are for the period from 1 January 2015 to 15 June 2023 and are based on the price of crypto-assets as in the Crypto Coin Comparison Aggregated Index (CCCAGG) provided by CryptoCompare. The altcoins' names are abbreviated as follows: Bitcoin (BTC), Ether (ETH), Polkadot (DOT), Ripple (XRP), Cardano (ADA), Litecoin (LTC), Chainlink (LINK), Dogecoin (DOGE), Binance Coin (BNB), Bitcoin Cash (BCH), Uniswap (UNI), Solana (SOL). Understandably, many are now questioning the future of crypto-assets. But the bursting of the bubble does not necessarily spell the end of crypto-assets. People like to gamble and investing in crypto offers them a way to do so. Crypto valuations are highly volatile, reflecting the absence of any intrinsic value. This makes them particularly sensitive to changes in risk appetite and market narratives. The recent developments that have affected leading crypto-asset exchanges have highlighted the contradictions of a system which, though created to counteract the centralisation of the financial system, has become highly centralised itself. Today I will contend that due to their limitations, cryptos have not developed into a form of finance that is innovative and robust, but have instead morphed into one that is deleterious. The crypto ecosystem is riddled with market failures and negative externalities, and it is bound to experience further market disruptions unless proper regulatory safeguards are put in place. Policymakers should be wary of supporting an industry that has so far produced no societal benefits and is increasingly trying to integrate into the traditional financial system, both to acquire legitimacy as part of that system and to piggyback on it. Instead, regulators should subject cryptos to rigorous regulatory standards, address their social cost, and treat unsound crypto models for what they truly are: a form of gambling. This may prompt the ecosystem to make more effort to provide genuine value in the field of digital finance. Shifting narratives: from decentralised payments to centralised gambling The core promise of cryptos is to replace trust with technology, contending that the concept ""code is law"" will allow a self-policing system to emerge, free of human judgement and error. This would in turn make it possible for money and finance to operate without trusted intermediaries.",392,general,5,2,-1,0.48028793931007385,0.3892626464366913,0.13044941425323486,-1,0,0.9997367262840271,-1
S00393_P03,S00393,2023-06-23,Fabio Panetta,Paradise lost? How crypto failed to deliver on its promises and what to do about it,"However, this narrative often obfuscates reality. Unbacked cryptos have made no inroads into the conventional role of money. And they have progressively moved away from their original goal of decentralisation to increasingly rely on centralised solutions and market structures.",39,general,1,1,0,0.3025687038898468,0.45412784814834595,0.24330341815948486,0,0,0.9695081114768982,0
S00393_P04,S00393,2023-06-23,Fabio Panetta,Paradise lost? How crypto failed to deliver on its promises and what to do about it,"They have become speculative assets , as well as a means of circumventing capital controls, sanctions or financial regulation. Blockchain limitations A key reason why cryptos have failed to make good on their claim to perform the role of money is technical. Indeed, the use of blockchain - particularly in the form of public, permissionless blockchain - for transacting crypto-assets has exhibited significant limitations. Transacting cryptos on blockchains can be inefficient, slow and expensive; they face the blockchain trilemma, whereby aiming for optimal levels of security, scalability and decentralisation at the same time is not achievable. Crypto-assets relying on a proof-of-work validation mechanism, which is especially relevant for bitcoin as the largest crypto-asset by market capitalisation , are ecologically detrimental. Public authorities will therefore need to evaluate whether the outsized carbon footprint of certain crypto-assets undermines their green transition commitments. Moreover, proof-of-work validation mechanisms are inadequate for large-scale use.",149,general,2,0,-1,0.5913139581680298,0.3435496985912323,0.06513629853725433,-1,-1,0.9875420928001404,-1
S00393_P05,S00393,2023-06-23,Fabio Panetta,Paradise lost? How crypto failed to deliver on its promises and what to do about it,"While alternative solutions to overcome the blockchain trilemma and proof-of-work consensus shortcomings have emerged for faster and more affordable transactions, including those outside the blockchain, they have drawbacks of their own. ""Off-chain"" transactions conducted via third-party platforms compromise the core principles of crypto-assets, including security, validity and immutability. Another important aspect is the operational risk inherent in public blockchains due to the absence of an accountable central governance body that manages operations, incidents or code errors. Moreover, the handling of crypto-assets can be challenging. In a decentralised blockchain, users must protect their personal keys using self-custody wallets, which can discourage widespread adoption due to the tasks and risks involved, for example the theft or loss of a key.",118,general,2,1,-1,0.24999792873859406,0.7083960175514221,0.041606057435274124,0,-1,0.9871591329574585,0
S00393_P06,S00393,2023-06-23,Fabio Panetta,Paradise lost? How crypto failed to deliver on its promises and what to do about it,"Given the immutability of blockchains, they do not permit transaction reversal. Instability Another key limitation of unbacked cryptos is their instability. Unbacked cryptos lack intrinsic value and have no backing reserves or price stabilisation mechanisms. This makes them inherently highly volatile and unsuitable as a means of payment.",48,general,5,0,-1,0.3312617540359497,0.5893116593360901,0.0794266015291214,0,-1,0.9312131404876709,0
S00393_P07,S00393,2023-06-23,Fabio Panetta,Paradise lost? How crypto failed to deliver on its promises and what to do about it,"Bitcoin, for instance, exhibits volatility levels up to four times higher than stocks, or gold (Chart 2). Chart 2 Price volatility of cryptos compared with other assets (annualised seven-day rolling standard deviation of daily percentage changes of prices) Sources: CryptoCompare, Bloomberg, Refinitiv and ECB calculations. Notes: The data are for the period from 1 January 2015 to 15 June 2023.",60,general,2,0,-1,0.050699420273303986,0.916841983795166,0.03245861828327179,0,0,0.9999850988388062,0
S00393_P08,S00393,2023-06-23,Fabio Panetta,Paradise lost? How crypto failed to deliver on its promises and what to do about it,"The altcoins' names are abbreviated as follows: Bitcoin (BTC), Ether (ETH), Polkadot (DOT), Ripple (XRP), Cardano (ADA), Litecoin (LTC), Chainlink (LINK), Dogecoin (DOGE), Binance Coin (BNB), Bitcoin Cash (BCH), Uniswap (UNI), Solana (SOL). Such high volatility also means that households cannot rely on crypto-assets as a store of value to smooth their consumption over time. Similarly, firms cannot rely on crypto-assets as a unit of account for the calculation of prices or for their balance sheet. Moreover, unbacked cryptos do not improve our capacity to hedge against inflation. Indeed, their price developments exhibit an increasing correlation with stock markets (Chart 3). And empirical analysis finds that momentum in the crypto-asset market and global financial market volatility do have an impact on bitcoin trading against fiat currencies. Chart 3 Returns correlations of bitcoin vis-à-vis selected financial assets (yearly rolling correlation) Sources: Bloomberg, S&P Global iBoxx, CryptoCompare and ECB calculations. Notes: The data are for the period from 1 January 2016 to 16 June 2023. Cryptos as a means of gambling and circumvention But the very instability of unbacked cryptos does make them appealing as a means of gambling. And their use as such has been facilitated by the establishment of a centralised market structure that supports the broader use of crypto-assets. Crypto exchanges have become gateways into the crypto ecosystem, often providing user access to crypto markets in conjunction with other services like wallets, custody, staking or lending. Off-chain grids or third-party platforms have offered users easy and cost-effective ways to engage in trading and speculation, while stablecoins are being used to bridge the gap between fiat and crypto by promising a stable value relative to fiat currency. Besides gambling, crypto assets are also being used for bypassing capital controls, sanctions and traditional financial regulation. A prime example is bitcoin, which is used to circumvent taxes and regulations, in particular to evade restrictions on international capital flows and foreign exchange transactions, including on remittances.",323,general,6,2,-1,0.13924667239189148,0.7995733022689819,0.061180006712675095,0,0,0.9999779462814331,0
S00393_P09,S00393,2023-06-23,Fabio Panetta,Paradise lost? How crypto failed to deliver on its promises and what to do about it,"These practices may have destabilising macroeconomic implications in some jurisdictions, notably in developing and emerging markets. Risks from the growing centralisation of the crypto ecosystem The crypto ecosystem's move away from its original goals towards more centralised forms of organisation, typically without regulatory oversight, is giving rise to substantial costs and an array of contradictions. There are two major facets to this phenomenon. The re-emergence of classic financial sector shortcomings and vulnerabilities First, dependence on third-party intermediaries, many of which are still unregulated, has resulted in market failures and negative externalities, which crypto was initially designed to sidestep. The crypto ecosystem, for instance, has cultivated its own concentration risks, with stablecoins assuming a key role in trading and liquidity provision within decentralised finance markets. The difficulties faced by prominent stablecoins in the past year likely contributed significantly to the noticeable downturn in these markets. Indeed, stablecoins often pose greater risks than initially thought. They introduce into the crypto space the kind of maturity mismatches commonly seen in money market mutual funds. As we have seen in the past year, redemption at par at all times is not guaranteed, risks of runs and contagion are omnipresent, and liquidation of reserve assets can lead to procyclical effects through collateral chains across the crypto ecosystem. Another episode of instability driven by high concentration risk was the fall of the crypto exchange FTX. Initially the crisis seemed to primarily affect liquidity, but it quickly evolved into a solvency crisis.",245,general,11,0,-1,0.7441346049308777,0.2461755871772766,0.00968976691365242,-1,-1,0.9991951584815979,-1
S00393_P10,S00393,2023-06-23,Fabio Panetta,Paradise lost? How crypto failed to deliver on its promises and what to do about it,"This situation arose due to FTX's inadequate risk management, unclear business boundaries and mishandling of customer funds. The repercussions of this event rippled through the crypto ecosystem, causing cascading liquidations that underscored the interconnectedness and opacity of crypto markets. Ultimately, it showcased how swiftly confidence in the industry could deteriorate. Similarities to the FTX case can be seen in the recent civil charges brought by the US Securities and Exchange Commission against the biggest remaining crypto exchange: Binance. These civil charges allege that Binance's CEO and Binance entities were involved in an extensive web of deception, conflicts of interest, lack of disclosure and calculated evasion of the law. Should these allegations be proven, this would be yet another example of the fundamental shortcomings of the crypto ecosystem. The recent crypto failures also show that risk, in itself, is technology-neutral. In financial services, it does not matter if a business ledger is kept on paper as it was for hundreds of years, in a centralised system as we have now or on a blockchain as in the crypto asset ecosystem. In the end, whether a firm remains in business or fails depends on how it manages credit risk, market risk, liquidity risk and leverage. Crypto enthusiasts would do well to remember that new technology does not make financial risk disappear. The financial risk either remains or transforms into a different type.",230,usd,7,0,-1,0.23236559331417084,0.719586193561554,0.04804814234375954,0,-1,0.9957975149154663,0
S00393_P11,S00393,2023-06-23,Fabio Panetta,Paradise lost? How crypto failed to deliver on its promises and what to do about it,"And if the balloon is full of hot air, it may rise for a while but will burst in the end. Links with the traditional financial sector The second contradiction arises from the crypto industry's attempt to strengthen ties with actors in the financial system, including banks, big tech companies and the public sector. Major payment networks and intermediaries have enhanced their support services for crypto-assets. Numerous prominent tech companies, including Meta (formerly Facebook) and Twitter, have explored ways to incorporate crypto into their platforms. By leveraging their large customer base and offering a mix of payments and other financial services, tech firms, especially big techs, could solidify the ties between crypto-assets and the financial system. The recent failures of Silvergate Bank and Signature Bank have highlighted the risks for banks associated with raising deposits from the crypto sector. The stability of these deposits is questionable given cryptos' volatility. The discontinuation of the Silvergate Exchange Network and SigNet, which functioned as a quasi-payment system for the crypto investments of Silvergate Bank and Signature Bank clients, also shows how crypto-assets service providers depend on the traditional financial sector for settlement in fiat money. The crypto industry not only seeks to strengthen its ties with the traditional financial industry. It also seeks to gain access to the public safety net that strongly regulated financial entities benefit from. Indeed, Circle, the issuer of the USD Coin (USDC) tried to gain access to the Federal Reserve's overnight reverse repurchasing facility in order to back its stablecoin. The crypto industry is seeking to grow by parasitising the financial system: it touts itself as an alternative to the financial sector, yet it seeks shelter within that very sector to address its inherent risks, all in the absence of adequate regulatory safeguards. The public response: backing, regulating or innovating?",302,usd,4,2,-1,0.44534990191459656,0.5159844160079956,0.03866572305560112,0,1,0.9863303899765015,0
S00393_P12,S00393,2023-06-23,Fabio Panetta,Paradise lost? How crypto failed to deliver on its promises and what to do about it,"The public sector response can be encapsulated in three main suggestions. Not giving in to the temptation to offer public backing to cryptos First, the temptation to offer public backing to cryptos must be resisted. The idea of permitting stablecoin issuers as non-bank financial institutions to hold their reserves at central banks might seem appealing, but could lead to serious adverse consequences. By granting stablecoins access to the central bank's balance sheet, we would effectively outsource the provision of central bank money. If the stablecoin issuer were able to invest its reserve assets in the form of risk-free deposits at the central bank, this would eliminate the investment risks that ultimately fall on the shoulders of stablecoin holders. And the stablecoin issuer could offer the stablecoin holders a means of payment that would be a close substitute for central bank money. This would compromise monetary sovereignty, financial stability and the smooth operation of the payment system. For example, a stablecoin could displace sovereign money by using the large customer network of a big tech, with far-reaching implications. Therefore, central banks should exercise prudence and retain control over their balance sheet and the money supply. Regulating cryptos adequately and comprehensively Second, regulators should refrain from implying that regulation can transform crypto-assets into safe assets. Efforts to legitimise unsound crypto models in a bid to attract crypto activities should be avoided. Moreover, the principle of ""same activity, same risk, same regulation"" should be endorsed. Cryptos cannot become as safe as other assets and investors should be aware of the risks. Anti-money laundering/countering the financing of terrorism rules should be enforced, and crypto activities of traditional firms should be carefully monitored. While some jurisdictions attempt to apply existing regulatory frameworks to crypto-assets, the EU's Markets in Crypto-Assets Regulation offers a customised regulatory structure that applies to all 27 EU Member States and draws on existing regulation where appropriate (e-money being one example). The EU has also updated existing regulation, for instance by extending the travel rule to crypto transactions. Despite the EU taking the lead in establishing a comprehensive framework regulating crypto activities, further steps are necessary. All activities related to the crypto industry should be regulated, including decentralised finance activities like crypto-asset lending or non-custodial wallet services . Moreover, the regulatory framework for unbacked crypto-assets may be deemed lighter than for stablecoins as it relies mainly on disclosure requirements for issuing white papers , and on the supervision of the service providers which will offer them for trading. The risks posed by unbacked crypto-assets, which are largely used for speculative purposes, should be fully recognised. Enhancing transparency and awareness of the risks associated with crypto-assets and their social cost are critical aspects of this approach. Public authorities will also need to address those social costs: for instance, cryptos' ecological footprint cannot be ignored in view of environmental challenges. Additionally, the experience of FTX, which expanded massively with little oversight, underscores the importance of global crypto regulation and regulatory cooperation. The Financial Stability Board's recommendations for the regulation and oversight of crypto-asset activities and markets need to be finalised and implemented urgently, also in non-FSB jurisdictions. The Basel Committee on Banking Supervision's standard on the prudential treatment of banks' crypto-asset exposures is a positive step in this direction. It stipulates conservative capital requirements for unbacked crypto-assets with a risk weight of 1,250%, as well as an exposure limit constraining the total amount of unbacked crypto a bank can hold to generally below 1% of Tier 1 capital. It will be key for the European Union and other Basel jurisdictions to transpose the Basel standard into their legislation by the 1 January 2025 deadline .",611,general,14,0,-1,0.927621603012085,0.05408461391925812,0.01829376444220543,-1,0,0.9776976704597473,-1
S00393_P13,S00393,2023-06-23,Fabio Panetta,Paradise lost? How crypto failed to deliver on its promises and what to do about it,"We will involve the market in the exploratory work that we have recently announced. Conclusion To conclude, crypto-assets have been promoted as decentralised alternatives promising more resilient financial services. However, the reality does not live up to that promise. The blockchain technology underpinning crypto-assets can be extremely slow, energy-intensive and insufficiently scalable. The practicality of crypto-assets for everyday transactions is low due to their complex handling and significant price volatility. To address these drawbacks, the crypto ecosystem has changed its narrative, favouring more centralised forms of organisation that emphasise crypto speculation and quick profit. But recent events have exposed the fragility of the crypto ecosystem, demonstrating how quickly confidence in crypto-assets can evaporate. In many respects, this ecosystem has recreated the very shortcomings and vulnerabilities that blockchain technology initially intended to address. Further complicating matters, the crypto market seeks integration into the financial sector for increased relevance and public sector support. This would not provide the basis of a sustainable future for crypto. If anything, it would only heighten contradictions and vulnerabilities, resulting in greater instability and centralisation. The public sector should adopt a determined position by establishing a comprehensive regulatory framework that addresses the social and environmental risks associated with crypto, including the use of unbacked crypto-assets for speculative purposes. It should also resist calls to provide state backing for cryptos, which would essentially socialise crypto risks. The public sector should instead focus its efforts on contributing to the development of reliable digital settlement assets, including through their work on central bank digital currencies. Decisive action of this kind should motivate the crypto ecosystem, including its foundational technology, the blockchain, to realign its objectives towards delivering real economic value within the digital finance landscape. See Nakamoto, S.",288,general,10,1,-1,0.523409903049469,0.3103008568286896,0.16628925502300262,-1,0,0.8486218452453613,-1
S00393_P14,S00393,2023-06-23,Fabio Panetta,Paradise lost? How crypto failed to deliver on its promises and what to do about it,"It should be noted that holdings of crypto-assets are often concentrated in the hands of a few holders who could influence supply and prices. Moreover, some investments are the proceeds of illicit activities, which may be price elastic. The market capitalisation of crypto-assets decreased from its peak of around EUR 2.68 trillion on 10 November 2021 to EUR 801 billion on 2 July 2022. By 14 June 2023 it stood at EUR 978 billion.",74,general,1,0,-1,0.1586121916770935,0.820044994354248,0.021342838183045387,0,0,0.9458743929862976,0
S00393_P15,S00393,2023-06-23,Fabio Panetta,Paradise lost? How crypto failed to deliver on its promises and what to do about it,"Incidences of fraud, human error and manipulation have eroded the trust of crypto enthusiasts, leading to calls for scrutiny, oversight and public intervention. Research and analysis show that fully decentralised set-ups are often concentrated on few holders or require other types of human intervention.",44,general,2,0,-1,0.5253098011016846,0.4121150076389313,0.06257516890764236,-1,-1,0.9705604314804077,-1
S00393_P16,S00393,2023-06-23,Fabio Panetta,Paradise lost? How crypto failed to deliver on its promises and what to do about it,"Moreover, the fact that data stored on the blockchain is immutable and transparent may put the technology in conflict with digital privacy rights. In the absence of flexible supply mechanisms, unbacked cryptos are incapable of effectively responding to temporary fluctuations in demand and thus fail to stabilise their value. Similarly, bitcoin's limited supply - at 21 million coins - means that it does not offer protection against the risk of structural deflation.",72,general,2,0,-1,0.2715228497982025,0.6151793599128723,0.11329784989356995,0,-1,0.9986642599105835,0
S00393_P17,S00393,2023-06-23,Fabio Panetta,Paradise lost? How crypto failed to deliver on its promises and what to do about it,"They back their value with securities, commodities, as well as fiat money. Interestingly and inevitably, major stablecoin issuers - such as Tether or Circle - adopt centralised organisational structures, directly contradicting the initial ideas as laid down in Satoshi Nakamoto's white paper. The notion that stablecoin issuers might invest in crypto-assets could further concentrate holdings and contradict the low-risk requirements for stablecoin reserves. Graf von Luckner, C., Reinhart, C.M. and Rogoff, K.",72,usd,1,0,-1,0.6858503818511963,0.2967149317264557,0.017434634268283844,-1,0,0.9927207827568054,-1
S00393_P18,S00393,2023-06-23,Fabio Panetta,Paradise lost? How crypto failed to deliver on its promises and what to do about it,"Although it represents only a small part of the crypto-asset market, the stablecoin Tether accounts for close to half of all trading on crypto-asset trading platforms. See the section entitled ""Stablecoins' role within the crypto-asset ecosystem"" in Adachi, M. et al. See the May 2023 report by the ESRB Task Force on Crypto-Assets and Decentralised Finance entitled ""Crypto-assets and decentralised finance"". A decentralised finance ecosystem is built around crypto lending that is collateralised by other crypto-assets, using smart contracts to implement margin calls. The failure of FTX had a large impact on the price of crypto-assets serving as collateral for crypto lending. This triggered cascading liquidations by crypto lenders because of the decrease in the value of the collateral. In particular, Mastercard, PayPal and Visa continue building capabilities and strategic partnerships to support crypto-assets (as well as stablecoins). See, for example, JP Morgan's Onyx Coin Systems Product Team, Fidelity's Fidelity Crypto℠ account and Citi's collaboration with METACO to develop and pilot digital asset custody capabilities. Meta expressed interest in the metaverse and the potential integration of crypto-assets and blockchain technology within its virtual reality platform. The company has been exploring the concept of a blockchain-based digital currency called ""Facebook Diem"" (previously known as Libra). Twitter has integrated bitcoin tipping features.",210,usd,0,0,0,0.03075856901705265,0.8814511895179749,0.08779031038284302,0,0,0.9999910593032837,0
S00393_P19,S00393,2023-06-23,Fabio Panetta,Paradise lost? How crypto failed to deliver on its promises and what to do about it,"Circle's USD 31 billion USDC stablecoin maintains around USD 25 billion of its reserves in short-term US Treasury bills in the exclusive Circle Reserve Fund, managed by BlackRock. The fund is registered as a ""2a-7"" government money market fund. Circle's objective for the fund was to secure access to the Federal Reserve's reverse repurchasing facility through BlackRock, allowing the company to move USDC's remaining cash reserves from partner banks to the fund under a Federal Reserve account. Reserve assets are the assets against which the stablecoins are valued and redeemed. In contrast, the substitutability between central bank money and bank deposits is limited by the fact that, on bank balance sheets, deposits are matched against risky assets (bank loans).",119,usd,1,0,-1,0.051824793219566345,0.9087275266647339,0.03944763168692589,0,0,0.9999791383743286,0
S00393_P20,S00393,2023-06-23,Fabio Panetta,Paradise lost? How crypto failed to deliver on its promises and what to do about it,"The ""travel rule"", already used in traditional finance, will in the future cover transfers of crypto-assets. Information on the source of the asset and its beneficiary will have to ""travel"" with the transaction and be stored on both sides of the transfer. The law also covers transactions above EUR 1,000 from ""self-hosted wallets"" (a crypto-asset wallet address of a private user) when they interact with hosted wallets managed by crypto-asset service providers. See Regulation (EU) 2023/1113 of the European Parliament and of the Council of 31 May 2023 on information accompanying transfers of funds and certain crypto-assets and amending Directive (EU) 2015/849 (Text with EEA relevance), Official Journal L 150, 9 June 2023, p. 1-39. Crypto lending is a centralised or decentralised finance service that allows investors to lend out their crypto holdings to borrowers. Decentralised crypto lending platforms use smart contracts to automate loan payouts and yields, and users can deposit collateral to receive a loan if they meet the appropriate requirements automatically (see Duggan, W. A non-custodial wallet, or self-custody wallet, entails the crypto owner being fully responsible for managing their own cryptos. The users have full control of their crypto holdings, manage their own private key and handle transactions themselves (see ""Custodial vs Non-Custodial Wallets"", crypto.com, 17 February 2023). This is a sort of prospectus for crypto-assets that informs potential holders about the characteristics of the issued crypto-asset before they offer a token to the public or list it on a trading platform.",246,general,0,0,0,0.14783158898353577,0.7022401094436646,0.1499282419681549,0,0,0.9999963045120239,0
S00404_P01,S00404,2023-09-04,Fabio Panetta,Shaping Europe's digital future: the path towards a digital euro,"In the absence of a digital euro, the emergence of potentially dominant private actors in the digital payments market could have a strong impact on the financial sector. This is a real possibility, as demonstrated by PayPal's recent decision to launch its own US dollar-denominated stablecoin for use in digital payments. Private providers of payment services, including PayPal, have no incentive to limit the take-up of their stablecoins or the range of services they provide. Quite the opposite: their objective is to expand their customer base and gain market share.",90,usd,0,0,0,0.13750727474689484,0.5535109043121338,0.30898183584213257,0,1,0.9999980926513672,0
S00404_P02,S00404,2023-09-04,Fabio Panetta,Shaping Europe's digital future: the path towards a digital euro,"It would pay due attention to orderly adjustments in the financial sector while offering payment service providers a platform for innovations with pan-euro area reach. Furthermore, unlike the stablecoins issued by big techs, the digital euro would be distributed by banks and other payment service providers, which would maintain their relationship with their customers. And the ECB is actively cooperating with European payment service providers and other stakeholders to ensure that the digital euro would be fully compatible with existing payment tools and attractive to all.",86,general,0,1,1,0.1668868064880371,0.6302735805511475,0.20283956825733185,0,0,0.7835463285446167,0
S00404_P03,S00404,2023-09-04,Fabio Panetta,Shaping Europe's digital future: the path towards a digital euro,"At present, PayPal USD (or PYUSD) will be offered solely to US customers with PayPal Balance accounts. It will not be accessible to EU clients and PayPal has no public plan to roll out a similar stablecoin in Europe. Dollar Stablecoin"", 7 August. There is regular dialogue on the topic of a digital euro with market stakeholders through the Euro Retail Payments Board (ERPB), so that all sides of the market, including banks, payment service providers, consumers and merchants, can offer their views.",83,usd,0,0,0,0.04107871279120445,0.9326372146606445,0.026284052059054375,0,0,0.9999986886978149,0
S00432_P01,S00432,2024-01-17,Piero Cipollone,One step ahead: protecting the cyber resilience of financial infrastructures,"Just last week a social media account of the US Securities and Exchange Commission was compromised and an unauthorised post was published. As you are no doubt aware, this led to a temporary increase in the price of crypto-assets, especially bitcoin. While it was not a particularly large-scale or complex cyberattack, this example shows that cyberattacks can be used to manipulate market narratives and prices for financial gain.",68,usd,0,0,0,0.2982541620731354,0.5945934057235718,0.10715247690677643,0,-1,0.9886125922203064,0
S00432_P02,S00432,2024-01-17,Piero Cipollone,One step ahead: protecting the cyber resilience of financial infrastructures,"This is the objective of the International Counter Ransomware Initiative , which brings countries together to fight against ransom payments. Given the role of crypto assets as the payment method requested by ransomware attackers, countering ransomware will also require developing effective crypto-asset seizure regimes. Empirical evidence indeed shows strong correlation between cyber risk exposure, investor attention to crypto and the price of bitcoin. This creates a doom loop between cyber risk and crypto valuations. Higher cyber risks raise crypto demand expectations, pushing crypto prices up. In turn, higher crypto prices boost the incentives and resources for ransomware attacks. Second, financial entities need to put robust risk management practices in place to account for their increasing use of outsourcing and their high dependence on third-party service providers.",126,general,5,0,-1,0.14604029059410095,0.774288535118103,0.07967115193605423,0,1,0.9991011619567871,0
S00432_P03,S00432,2024-01-17,Piero Cipollone,One step ahead: protecting the cyber resilience of financial infrastructures,"While predictions about the availability and impact of quantum technology vary, the effect it may have on cybersecurity deserves special attention and awareness. For instance, it may be able to break the cryptography algorithms currently used for communication and data protection. Discussing post-quantum cryptography environments within the ECRB will help us understand the opportunities and risks. Identifying potential weaknesses to more effectively mitigate cyber risks The Eurosystem regularly conducts cyber resilience surveys of financial market infrastructures, in which many ECRB institutions participate.",82,usd,2,1,-1,0.052903931587934494,0.9180641174316406,0.029031991958618164,0,0,0.9981478452682495,0
S00434_P01,S00434,2024-02-09,Piero Cipollone,Modernising finance: the role of central bank money,"These include delivery-versus-payment settlement in both primary and secondary markets, along with recurring payments during the life cycle of securities, such as coupon payments. Insofar as these applications lead to a proliferation of decentralised private money-based settlement systems, including stablecoins and tokenised deposits, they could lead to the refragmentation of wholesale payments. This in turn could impair central banks' ability to provide liquidity in periods of financial stress, elevating financial stability risks.",72,general,1,0,-1,0.6751627326011658,0.2834627330303192,0.041374482214450836,-1,-1,0.9999932050704956,-1
S00438_P01,S00438,2024-02-14,Piero Cipollone,Preserving people's freedom to use a public means of payment: insights into the digital euro preparation phase,"In the absence of a digital euro, the emergence of potentially dominant private operators in the digital payments market could have a strong impact on the financial sector. This is a real possibility, as demonstrated by PayPal's recent decision to launch its own US dollar-denominated stablecoin for use in digital payments. Private providers of payment services, including PayPal, have no incentive to limit the take-up of their stablecoins or the range of services they offer. Quite the opposite: their objective is to expand their customer base and gain market share.",90,usd,0,0,0,0.1129930391907692,0.5629319548606873,0.32407504320144653,0,1,0.9999960660934448,0
S00438_P02,S00438,2024-02-14,Piero Cipollone,Preserving people's freedom to use a public means of payment: insights into the digital euro preparation phase,"Together with technology experts, the ECB is considering all state-of-the-art security and privacy measures that could be suitable for a mass retail payment product such as a digital euro. Pseudonymisation, clear segregation of data, hashing and other cryptographic techniques would ensure that the Eurosystem would not be able to identify individuals making or receiving payments in digital euro. End users' payment data would be pseudonymised so that they could not be directly identified and the Eurosystem could not link any of the data it processes to an identified end user.",90,general,0,0,0,0.15838558971881866,0.7781465649604797,0.0634678304195404,0,0,0.9988265633583069,0
S00476_P01,S00476,2024-09-26,Christine Lagarde,Technology as a new frontier for macroprudential policy,"But encryption has not only aided the digitalisation of traditional finance. It has also facilitated the rise of a new asset class and a parallel financial system: crypto-assets and decentralised finance. The problems with crypto-assets are many, well-documented and not well-addressed - from weak fundamentals to questionable governance and inefficient validation methods. But the encryption technology on which crypto-assets are based has so far proven robust. And distributed ledger technology can offer real benefits to our financial systems through the streamlining of processes.",83,general,0,1,1,0.07576115429401398,0.8368183970451355,0.08742037415504456,0,1,0.9999997615814209,0
S00477_P01,S00477,2024-09-27,Piero Cipollone,Monetary sovereignty in the digital age: the case for a digital euro,"Some 63 countries are now operating, piloting, developing or exploring retail CBDCs. Meanwhile, major private payment solutions are expanding globally and some nations may even seek to leverage crypto-assets, with figures such as US presidential candidate Donald Trump promising to make the United States a ""Bitcoin superpower"". In this fast-moving environment, Europe cannot stand still.",55,usd,0,1,1,0.04593035206198692,0.8643985390663147,0.0896710529923439,0,0,0.6649644374847412,0
S00477_P02,S00477,2024-09-27,Piero Cipollone,Monetary sovereignty in the digital age: the case for a digital euro,"Will Be 'Crypto Capital of the Planet'"", 27 July. The Eurosystem cash strategy aims to ensure that cash remains widely available and accepted as both a means of payment and a store of value.",34,general,0,0,0,0.07540511339902878,0.7641116976737976,0.160483255982399,0,1,0.9396815896034241,0
S00483_P01,S00483,2024-10-07,Piero Cipollone,Towards a digital capital markets union,"The second risk is that central bank money could lose its status as the safest and most liquid settlement asset. If end users - in this case firms and investors - demand an ""on-chain"" means of payment to seamlessly support automated transactions via DLT, the lack of a solution for settling transactions in central bank money could encourage banks or stablecoin issuers to offer private money alternatives. A permanent shift from central bank money to commercial bank money or stablecoins could disrupt the existing two-tier monetary system and threaten financial stability by undermining central bank money's role as a risk-free settlement asset. This would contradict the principles agreed at international level.",111,general,5,1,-1,0.7148849368095398,0.2399671971797943,0.04514791816473007,-1,-1,0.999990701675415,-1
S00522_P01,S00522,2025-03-20,Philip R. Lane,The digital euro: maintaining the autonomy of the monetary system,"In this aspect, the monetary history of Ireland resembles that of Scotland, England and the United States. This history can shed some light on the current debate about the new forms of private money that are emerging today, such as stablecoins in the context of a digitalising society - a trend that has become more pronounced in recent years. In an increasingly digitalised society, in which the role of physical banknotes issued by the central bank is receding, the question arises whether the European Central Bank should issue a central bank digital currency (CBDC) for the euro area.",98,usd,0,0,0,0.09509265422821045,0.8126453161239624,0.09226197004318237,0,0,0.9971030354499817,0
S00522_P02,S00522,2025-03-20,Philip R. Lane,The digital euro: maintaining the autonomy of the monetary system,"Second, entirely new forms of financial assets are emerging in in the wake of this digital transformation. Decentralised finance applications and crypto-assets such as bitcoin aim to bypass traditional financial intermediation. Of particular relevance as a medium of exchange are stablecoins. The proponents of stablecoins seek to combine the advantages of distributed ledger technologies with a stable conversion rate into traditional currencies. By contrast, crypto-assets such as bitcoin are not well suited to performing the medium of exchange function due to high price volatility and an incapacity to process high volumes of transactions at speed. Third, digital ecosystems - platforms such as Alibaba and Alipay that integrate proprietary forms of money with other services - are creating closed environments that encourage consumers to remain within specific systems.",127,general,1,0,-1,0.08984978497028351,0.6409681439399719,0.269182026386261,0,1,0.5067459344863892,0
S00522_P03,S00522,2025-03-20,Philip R. Lane,The digital euro: maintaining the autonomy of the monetary system,"In summary, while the private incentives of individual commercial banks and the array of safeguards discussed above go a long way in underpinning monetary stability, the weakening of the effective capacity of the general public to transact in central bank money directionally increases risk in the monetary system. Stablecoins as a medium of exchange What are the challenges facing our monetary system in an era of rapid technological change? Intuitively, distributed ledger technologies can provide the technological platform for a decentralised system in which private issuers could offer to settle transactions in secure and apparently ""information insensitive"" forms of money outside traditional central bank systems. For example, bearer-based stablecoins - digital representations of private electronic banknotes that are designed to be backed by safe assets such as government bonds or bank deposits - could bypass settlement via central bank reserves altogether, thereby creating a monetary ecosystem that flies under the radar of central bank oversight. In particular, central bank money would play a much-diminished role in the payments system, if households and firms were to maintain their primary transaction accounts in stablecoins and only use commercial bank accounts to upload and download funds from these transaction accounts. In a sense, a stablecoin provider would resemble a so-called narrow bank that only holds high quality liquid assets and promises to maintain a stable value of its liabilities (the funds held by customers in their stablecoin accounts). While the pros and cons of narrow banking have been much debated over the decades, a material decline in the volume of deposits held in commercial banks would disrupt the role of commercial banks in credit provision, which is especially prominent in the bank-based European financial system. Moreover, even if stablecoins were fully backed by deposits in the commercial banking system (that is the stablecoin provider would match stablecoin liabilities with deposit assets), these deposits would effectively constitute ""wholesale"" deposits rather than ""retail"" deposits, resulting in a lower liquidity coverage ratio (LCR). Indeed, stablecoins, which are designed to maintain a stable value relative to a specified asset or pool of assets, have already gained a significant foothold in the crypto-asset universe. Their appeal lies in their ease of use and innovative features and in the possibility for fast, low-cost transactions. While stablecoins play a central role in settling transactions in other crypto assets, it is clear that stablecoins are also attracting interest in the facilitating low-cost cross-border transactions in the ""traditional"" economy and financial system. In particular, despite significant technological progress, cross-border trade between countries remains to this day costly and inefficient, with large-value payments going through the correspondent banking network, which can take days to settle.",442,general,3,2,-1,0.27179351449012756,0.43773898482322693,0.2904675006866455,0,0,0.7741658687591553,0
S00522_P04,S00522,2025-03-20,Philip R. Lane,The digital euro: maintaining the autonomy of the monetary system,"There are unrealised positive network externalities, which are particularly evident to companies that maintain global supply chains. Subject to being credibly backed by high-quality liquid assets, stablecoins can acquire a degree of global acceptability in wholesale transactions that can, in principle, address the inefficiencies that merchants face when making large cross-border payments through banks. At the same time, as these digital assets continue to evolve and gather pace, one has to carefully assess their potential spillovers for domestic retail payments and consider the implications for the monetary system more broadly. In particular, as noted earlier, an equilibrium could emerge in which households and firms maintain transaction accounts with stablecoin providers, causing bank deposits and banknotes to lose relevance as a medium of exchange. Indeed, it is possible to imagine workers receiving salary payments in stablecoins (or immediately transferring salary payments from bank deposits to stablecoin accounts). Let's consider two potential situations. To start, imagine a situation in which euro-based stablecoins assert themselves as new dominant players. Imagine the pool of safe assets backing the stablecoins being directly or indirectly backed by the reserve accounts of commercial banks with the Eurosystem. These new instruments would essentially represent a novel form of inside money within our euro-based monetary system.",207,general,0,0,0,0.10315554589033127,0.5525295734405518,0.34431493282318115,0,0,0.9897966980934143,0
S00522_P05,S00522,2025-03-20,Philip R. Lane,The digital euro: maintaining the autonomy of the monetary system,"Their strength would lie in their accessibility and transferability, potentially increasing the efficiency of the monetary system, especially in cross-border transactions or in facilitating so-called smart contracts. Unlike traditional money market funds, such stablecoins could seamlessly serve as both savings and payment instruments. Critically, the ultimate nature of the two-layered system I was describing before would be preserved, with euro reserves issued by the Eurosystem providing the foundation of the new monetary order: the commercial banks that stablecoin providers deposit their funds with would need to hold larger reserve accounts to accommodate withdrawal requests from the stablecoin provider. Still, a two-layer monetary architecture in which ""inside money"" transactions are dominated by stablecoins rather than by commercial banks would pose new challenges. First, the new form of money would be less ""information insensitive"" than the inside money created in the current institutional environment.",142,general,0,2,1,0.02594825066626072,0.23787440359592438,0.7361773252487183,1,1,0.9172687530517578,1
S00522_P06,S00522,2025-03-20,Philip R. Lane,The digital euro: maintaining the autonomy of the monetary system,"The reason for this is essentially inadequate regulation and supervision. Recent experience has shown that, given the regulatory and supervisory vacuum in which these operate, some stablecoins can fail to maintain their intended stability, deviating (sometimes in dramatic fashion) from par value with their underlying reference asset. While this risk would be minimal if the assets backing stablecoins were exclusively composed of deposits in the commercial banking system, stablecoin providers would naturally be tempted to hold higher-yielding but riskier securities in their asset portfolio. If the conversion rate between inside money - the stablecoins - and the anchoring asset can change, it is up to the holder and the payee in a transaction to verify whether parity holds. This process is costly and prone to changes in sentiment. A change in sentiment about the capacity of the issuer to redeem the stablecoins at par could lead to systemic shocks and runs of the sort seen in the era of free banking, when private banks were given the authority to issue their own currency backed by Treasury bonds. In summary, while the ""moneyness"" of stablecoins relies on one-to-one convertibility into currency, this promise carries less credibility for stablecoin providers, which do not perform bank-like tasks such as credit provision to the economy and are not supervised or back-stopped by the central bank. Second, as funds shift towards these new instruments, the stability of the financial system could be affected. At least part of the asset pool providing collateral for the stablecoins would be in the form of bank deposits. However, as indicated above, this recycling of household and firm deposits back into the banking sector would only partially compensate the losses that banks would suffer in the first place as those cheap and more stable deposits migrate to the stablecoins domain. This shift would increase bank funding costs and negatively affect credit supply. Additionally, large stablecoin issuers would likely concentrate their holdings in safer, more liquid banks, further intensifying the effects for other banks in the economy. As stablecoin-managed assets grow, competition for liquid resources would increase their scarcity and price, resulting in still-higher costs for banks to maintain their buffers of liquid assets. A second scenario imagines a new world with an increasing prevalence of stablecoins that are effectively backed by assets denominated in a foreign currency. Given that the majority of existing stablecoins are linked to the US dollar, this is not a purely hypothetical scenario. At some level, dollar stablecoins make it easier for European households to acquire low-risk dollar assets (typically, it is not easy to open a dollar bank account for European residents). The macro-financial implications of lower frictions in international capital mobility are well understood, both in ""normal"" times and ""crisis"" times. However, the open question is whether dollar stablecoins could also gain a foothold in domestic transactions in the euro area, whereby the domestic payments system becomes directly or indirectly anchored by the dollar rather than the euro. While the likelihood of this scenario is hard to quantify, a full risk assessment warrants inspection of even tail-type scenarios.",514,usd,6,1,-1,0.9532913565635681,0.04396278038620949,0.002745905425399542,-1,0,0.7389759421348572,-1
S00522_P07,S00522,2025-03-20,Philip R. Lane,The digital euro: maintaining the autonomy of the monetary system,"In a scenario in which the use of physical cash declines substantially, the digital euro can preserve public access to ""information insensitive"" central bank money and protect the capacity of the central bank to deliver its macroeconomic mandate in a digital world. The digital euro is also an effective tool to limit the dominance of foreign digital currencies, including the monetary sovereignty risks created by widely-adopted foreign-currency stablecoins. Furthermore, in a world dominated by platform-based payment systems, where payments are bundled with other services in closed ecosystems, a digital euro would provide an open and interoperable alternative, preventing the fragmentation and limited interoperability of money.",105,general,3,0,-1,0.5917236804962158,0.19183871150016785,0.21643762290477753,-1,0,0.8250733017921448,-1
S00522_P08,S00522,2025-03-20,Philip R. Lane,The digital euro: maintaining the autonomy of the monetary system,"We are witnessing a global shift towards a more multipolar monetary system, with payments systems and currencies increasingly wielded as instruments of geopolitical influence and competing jurisdictions seek to assert their independence from foreign monetary powers. The rise of cryptocurrencies that enable direct, intermediary-free transactions, challenges the traditional financial system. In addition, China's development of the digital yuan, the exploration by the BRICS nations of a platform to link their central bank digital initiatives (the BRICS Bridge), and the mBridge project, involving China, Thailand, Hong Kong and the UAE exemplify how digital currencies can offer efficient cross-border payments.",98,general,0,2,1,0.09725932031869888,0.6435672044754028,0.2591734826564789,0,1,0.9998569488525391,0
S00522_P09,S00522,2025-03-20,Philip R. Lane,The digital euro: maintaining the autonomy of the monetary system,"This dependence exposes Europe to risks of economic pressure and coercion and has implications for our strategic autonomy, limiting our ability to control critical aspects of our financial infrastructure. When we rely on international cards, apps or stablecoins, we effectively outsource our payment infrastructure. This leaves European payments vulnerable to changing terms of use or to service withdrawal threats. As discussed in the previous section, these risks could be further compounded by the growing dominance of foreign technology companies and a potential increase in the holdings of foreign-currency stablecoins. Currently, ninety-nine per cent of the stablecoin market is linked to the US dollar, and European interest in these instruments is increasing rapidly. The digital euro is a promising solution to counter these risks and ensure the euro area retains control over its financial future.",134,usd,6,1,-1,0.8690764307975769,0.12379907071590424,0.007124457508325577,-1,-1,0.9974570870399475,-1
S00522_P10,S00522,2025-03-20,Philip R. Lane,The digital euro: maintaining the autonomy of the monetary system,"It would provide a secure, universally-accepted digital payment option under European governance, reducing reliance on foreign providers. From a strategic perspective, the digital euro would curtail the risk that domestic-currency stablecoins might gain a significant market share in the domestic payments system, which would be highly disruptive for the banking system and credit intermediation. Likewise, the availability of the digital euro would also limit the likelihood of foreign-currency stablecoins gaining a foothold as a medium of exchange in the euro area. However, especially taking into account the power of network externalities, these risks would increase if there were delays in launching a digital euro.",104,eur,3,0,-1,0.4783095717430115,0.09001973271369934,0.4316706657409668,-1,-1,0.9801919460296631,-1
S00522_P11,S00522,2025-03-20,Philip R. Lane,The digital euro: maintaining the autonomy of the monetary system,"In truth, there might be several layers in the payments system. A household might upload funds from its bank account to an e-wallet and in turn use the e-wallet account to buy stablecoins. In reverse, the proceeds of a sale in stablecoins could be initially lodged in the household's e-wallet and an additional step would be required to draw down these funds back to the household's bank account.",68,general,0,0,0,0.09700964391231537,0.8427814841270447,0.060208819806575775,0,0,0.9999862909317017,0
S00522_P12,S00522,2025-03-20,Philip R. Lane,The digital euro: maintaining the autonomy of the monetary system,"Harvard National Security Journal, Vol 14:1. Regulation (EU) 2023/1114 of the European Parliament and of the Council of 31 May 2023 on markets in crypto-assets, and amending Regulations (EU) No 1093/2010 and (EU) No 1095/2010 and Directives 2013/36/EU and (EU) 2019/1937 (MiCAR) establishes some constraints on the reserves of assets held by issuers of asset-referenced tokens (ARTs) and e-money tokens (EMTs). For instance, the draft regulatory technical standards establish that significant EMTs must always keep at least 60% of the funds received in deposits with credit institutions, although for significant ARTs that percentage refers to the amount referenced in each official currency (for ARTs that are not significant, that percentage is 30%, while EMTs that are not significant are not subject to reserve requirement unless established ad hoc by the supervisory authority). In 2019 the Libra consortium of private firms outlined a scheme in which a stablecoin would be pegged to a basket of currencies; in 2020 the consortium (rebranded as Diem) envisaged a collection of single-currency stablecoins. This project was abandoned in 2022.",174,eur,0,0,0,0.23061680793762207,0.7351881861686707,0.03419499844312668,0,0,0.9997592568397522,0
S00522_P13,S00522,2025-03-20,Philip R. Lane,The digital euro: maintaining the autonomy of the monetary system,"It is possible to envisage scenarios in which a dollar stablecoin provider offers a synthetic euro stablecoin to European customers, calculating that it could afford to absorb the associated currency risk. Of course, the cost of hedging currency risk can move sharply under stressed conditions, such that these commitments might not be fully reliable.",54,both,2,0,-1,0.11253379285335541,0.8182639479637146,0.06920225918292999,0,-1,0.9770457744598389,0
S00522_P14,S00522,2025-03-20,Philip R. Lane,The digital euro: maintaining the autonomy of the monetary system,"Scholarly research suggests that countries are incentivised to digitise their fiat currencies, such as by launching CBDCs, due to the need to enhance currency adoption in a digital world and to address the growing competition from private digital money like stablecoins. The decision to digitise currencies is strategic and a pecking order appears: countries with strong but non-dominant currencies have the highest incentives and are likely to digitise their currencies first.",71,general,0,0,0,0.13814684748649597,0.40982943773269653,0.4520237445831299,1,0,0.6704339385032654,1
S00524_P01,S00524,2025-04-01,Piero Cipollone,Enhancing cross-border payments in Europe and beyond,"This could lead to fragmentation of the global financial system into multiple, non-communicating blocs, which would further hamper the efficiency of cross-border payments and contribute to the refragmentation of trade and investment. In parallel, the emergence of stablecoins - which the United States intends to promote worldwide - brings its own risks, including for currency substitution. The Eurosystem is responding proactively to these challenges in line with the G20 Roadmap for enhancing cross-border payments.",74,usd,3,1,-1,0.9900323748588562,0.007708275690674782,0.0022592893801629543,-1,-1,0.9805268049240112,-1
S00524_P02,S00524,2025-04-01,Piero Cipollone,Enhancing cross-border payments in Europe and beyond,"The World Bank has estimated that by meeting the global Sustainable Development Goal target of 3%, the Western Balkan economies would save approximately half a billion euros per year. Third, the inefficiencies affecting cross-border payments have created a vacuum that alternative players, particularly in the crypto-asset space, are eager to fill. However, many of these solutions come with significant risks that cannot be overlooked. Unbacked crypto-assets, for instance, are highly volatile and speculative in nature, creating risks for unsuspecting households and businesses. Furthermore, the United States' push to maintain the dollar's global dominance through the promotion of stablecoins worldwide presents its own set of challenges. While stablecoins may be touted as the solution to a problem, they in fact create new problems that require a solution. Unless they are properly regulated according to the Financial Stability Board principles (as achieved in Europe through the Regulation on markets in crypto-assets ), they cannot guarantee convertibility at par value at all times and are susceptible to runs. They may thus destabilise the very system they are meant to improve. Also, because 99% of stablecoins are denominated in US dollar and their expansion could leverage the global customer base of big tech companies , they could considerably increase currency substitution risks, leading to ""digital dollarisation"". This would impair the effectiveness of domestic monetary policy and increase financial stability risks by amplifying capital outflows in response to negative shocks.",235,usd,9,1,-1,0.9833182096481323,0.015234021469950676,0.0014477286022156477,-1,-1,0.9997488856315613,-1
S00524_P03,S00524,2025-04-01,Piero Cipollone,Enhancing cross-border payments in Europe and beyond,"World Bank Group, op. cit. Regulation (EU) 2023/1114 of the European Parliament and of the Council of 31 May 2023 on markets in crypto-assets, and amending Regulations (EU) No 1093/2010 and (EU) No 1095/2010 and Directives 2013/36/EU and (EU) 2019/1937 (OJ L 150, 9.6.2023, p. 40). Stablecoins could gain traction and scale rapidly as big tech companies utilise their existing user base and data to promote and market them.",69,general,0,0,0,0.10995936393737793,0.17042405903339386,0.7196165323257446,1,1,0.9999982118606567,1
S00527_P01,S00527,2025-04-03,Luis de Guindos,Financial stability in uncertain times,"While risk is quantifiable, uncertainty can be proxied at best. The current environment Uncertainty in the macro-financial and credit environment is currently exceptionally high, in a world being reshaped by significant shifts in geopolitics, international cooperation, global trade policy, financial regulation and the role of crypto-assets. At the same time, the scale of the defence investment foreseen in the EU is unprecedented and adds another significant layer of uncertainty to the current environment.",73,general,1,0,-1,0.08329284191131592,0.8919044137001038,0.024802735075354576,0,-1,0.9998775720596313,0
S00528_P01,S00528,2025-04-08,Piero Cipollone,Empowering Europe: boosting strategic autonomy through the digital euro,"And even where national card schemes exist, they rely on co-badging with international card schemes to enable cross-border payments within the euro area. In the not so distant future, this could evolve into dependence on other private means of payment, for instance foreign stablecoins. Excessively relying on foreign providers undermines our resilience and compromises our monetary sovereignty.",57,general,3,1,-1,0.9680739045143127,0.027707528322935104,0.004218540620058775,-1,-1,0.9993056058883667,-1
S00528_P02,S00528,2025-04-08,Piero Cipollone,Empowering Europe: boosting strategic autonomy through the digital euro,"And the growing popularity of digital wallets like PayPal or Apple Pay is exposing European banks to further outflows of fees and data. Most recently, the measures taken by the new US Administration to promote crypto-assets and US dollar-backed stablecoins raise concerns for Europe's financial stability and strategic autonomy. They could potentially result not just in further losses of fees and data, but also in euro deposits being moved to the United States and in a further strengthening of the role of the dollar in cross-border payments. At the same time, private businesses are increasingly open to accepting stablecoins for customer payments, which could have far-reaching implications for monetary sovereignty. Faced with these challenges, we need a public-private partnership to retain our sovereignty.",123,usd,4,0,-1,0.9819386005401611,0.01575348526239395,0.002307917457073927,-1,-1,0.999995231628418,-1
S00528_P03,S00528,2025-04-08,Piero Cipollone,Empowering Europe: boosting strategic autonomy through the digital euro,"By offering a secure and universally accepted digital payment option which would be suitable for all use cases - and, crucially, under European governance - it would reduce our dependence on foreign providers. And it would limit the potential for foreign currency stablecoins to become a common medium of exchange within the euro area. The digital euro would provide European consumers with a simple and safe digital payment option, free for basic use, that covers all their payment needs everywhere in the euro area while ensuring their privacy.",88,general,1,0,-1,0.12653173506259918,0.2705695927143097,0.6028986573219299,1,0,0.6613838076591492,1
S00528_P04,S00528,2025-04-08,Piero Cipollone,Empowering Europe: boosting strategic autonomy through the digital euro,"For example, PayPal has announced plans to offer its own stablecoin - PayPal USD (PYUSD) - as a payment option to more than 20 million small and medium-sized merchants by the end of 2025. This will allow merchants to easily pay their vendors in stablecoins through a new PYUSD-powered feature for paying bills. Instead of wiring payments through traditional banking networks, businesses will be able to send PYUSD instantly, with no intermediaries involved.",73,general,0,1,1,0.02180047705769539,0.7283238172531128,0.24987564980983734,0,0,0.8611896634101868,0
S00529_P01,S00529,2025-04-25,Christine Lagarde,IMFC Statement,"This means enhancing the macroprudential policy framework for non-banks, ideally in an internationally coordinated way. Despite the recent increase in crypto-asset market capitalisation, risks to euro area financial stability appear limited at this stage, although data gaps make it impossible to conduct a full assessment of every contagion channel, especially those related to non-banks. However, if the current trends of crypto-asset growth and interconnectedness with the financial system continue, crypto-assets will eventually pose a risk to financial stability. At the same time, global implementation of regulatory frameworks for crypto-assets remains fragmented. To mitigate risks, the G20's crypto-asset roadmap must be implemented globally. By implementing the Markets in Crypto-Assets Regulation (MiCA), the EU has taken an important step. However, continued vigilance will be crucial to adapt to market developments.",128,general,5,0,-1,0.17267265915870667,0.7572295069694519,0.07009781152009964,0,-1,0.9947038292884827,0
S00533_P01,S00533,2025-05-15,Luis de Guindos,Financial stability in the euro area,"As such, there is a risk that investors may be underestimating and underpricing the likelihood and impact of adverse scenarios. Negative surprises in a volatile and uncertain environment - including sharply deteriorating economic growth prospects, sudden changes in monetary policy expectations or an escalation of trade tensions - could lead to further abrupt shifts in investor sentiment, causing spillovers across different asset classes while fuelling investors' interest in alternatives such as gold and crypto-assets, as we have recently seen. The second vulnerability relates to the euro area economy.",88,general,3,0,-1,0.1788974553346634,0.7637180089950562,0.057384517043828964,0,-1,0.9999994039535522,0
S00534_P01,S00534,2025-05-15,Piero Cipollone,Harnessing the digital future of payments: Europe's path to sovereignty and innovation,"We are currently expanding our initiative to settle DLT-based transactions in central bank money. By making central bank money available, we avoid the risk of other settlement assets being used, such as US dollar stablecoins, which would reintroduce credit risk, fragmentation and a dependency on non-European solutions. We are progressing on the retail and wholesale fronts in parallel.",58,usd,4,1,-1,0.24608057737350464,0.6148539185523987,0.13906551897525787,0,0,0.9999583959579468,0
S00534_P02,S00534,2025-05-15,Piero Cipollone,Harnessing the digital future of payments: Europe's path to sovereignty and innovation,"And they partner with international card schemes to further reinforce their position and expand their reach: PayPal has just announced that it will start enabling contactless payments in Germany, using Mastercard technology. Looking ahead, our dependency could soon extend to foreign stablecoins, 99% of which are dollar-denominated in terms of total value. As a result, European payments face three significant challenges.",61,usd,1,0,-1,0.24106378853321075,0.09794437140226364,0.6609918475151062,1,-1,0.9999639987945557,1
S00534_P03,S00534,2025-05-15,Piero Cipollone,Harnessing the digital future of payments: Europe's path to sovereignty and innovation,"When transactions are made on apps such as Apple Pay or PayPal, they lose fees and data. And if the use of US dollar stablecoins becomes more widespread, the banks could lose, fees, data and deposits. Third, user experience is still poor for Europeans, who juggle multiple payment solutions to meet various needs.",53,usd,0,0,0,0.6753886342048645,0.3134945333003998,0.0111168147996068,-1,-1,0.9999996423721313,-1
S00534_P04,S00534,2025-05-15,Piero Cipollone,Harnessing the digital future of payments: Europe's path to sovereignty and innovation,"At the same time, European banks would be able to retain their customer relationship and be remunerated for their role in distributing the digital euro. And the digital euro would limit the likelihood of foreign currency stablecoins becoming widely used for retail payments within the euro area. Moreover, the digital euro would be based on a core public-private partnership that would leverage synergies, enabling private initiatives to scale up across the euro area.",73,general,0,0,0,0.10750076919794083,0.47462087869644165,0.41787829995155334,0,1,0.515663743019104,0
S00534_P05,S00534,2025-05-15,Piero Cipollone,Harnessing the digital future of payments: Europe's path to sovereignty and innovation,"The availability of central bank money for settling transactions using these new technologies is crucial for two reasons. First, without central bank money, other settlement assets like stablecoins or tokenised deposits may be used, reintroducing credit risks and fragmentation into the financial system. Second, the market views the ability to settle in central bank money as a key factor in adopting new technologies.",63,general,2,0,-1,0.20962919294834137,0.6506733298301697,0.13969746232032776,0,0,0.9997578263282776,0
S00546_P01,S00546,2025-06-23,Christine Lagarde,Hearing of the Committee on Economic and Monetary Affairs of the European Parliament,"And with the foundations of global balance under strain, the international financial system is also entering uncharted territory. A key part of this evolving landscape is the rapid rise of crypto-assets and stablecoins. For this hearing, you asked me to elaborate on the emerging challenges and opportunities associated with these new digital assets.",53,general,0,1,1,0.5749743580818176,0.26964864134788513,0.15537697076797485,-1,-1,0.5162182450294495,-1
S00546_P02,S00546,2025-06-23,Christine Lagarde,Hearing of the Committee on Economic and Monetary Affairs of the European Parliament,"We are not pre-committing to a particular rate path. Developments in stablecoins and crypto-assets Let me now turn to the second topic, which is new forms of digital assets, including stablecoins and other crypto-assets. Crypto-assets have become a fast-developing segment of the financial landscape. Unbacked crypto-assets - those that are not backed by physical or financial assets - have seen their market capitalisation surge from less than EUR 200 billion in early 2020 to around EUR 2.7 trillion this year. This remarkable growth has been marked by investor speculation and extreme price volatility.",93,general,3,0,-1,0.008400270715355873,0.9671181440353394,0.024481605738401413,0,1,0.9766212105751038,0
S00546_P03,S00546,2025-06-23,Christine Lagarde,Hearing of the Committee on Economic and Monetary Affairs of the European Parliament,"These characteristics render such assets unsuitable as a reliable means of exchange and expose investors to significant risks. For now, risks to the euro area's financial stability from crypto-assets appear limited. However, the rapid pace of developments, combined with data gaps that may create blind spots require closer monitoring. Survey data from selected euro area countries suggest that around 10% of households hold crypto-assets, with around 14% expressing an interest in future purchases. As holdings and valuations of crypto-assets rise, the risk for investors from sharp price corrections increases and could reverberate across the financial system. As unbacked crypto-assets have risen in capitalisation, so have stablecoins. This specific type of crypto-asset aims to maintain a fixed value relative to one or more reference assets. Currently, 99% of stablecoins are denominated in US dollars. Stablecoins often act as an entry point to crypto-assets and facilitate crypto-asset trading. They also attract users by promising faster and cheaper corporate and retail cross-border payments. At the same time, stablecoins are privately issued and notably pose risks for monetary policy and financial stability. These assets are not always able to maintain their fixed value, compromising their usefulness as a means of payment and a store of value. Moreover, a potential shift in deposits used for payments and savings - from banks to stablecoins - could adversely affect the transmission of monetary policy through banks. Stablecoins must therefore be governed by sound rules, especially when they operate across international borders. The European Union has taken a decisive step in this direction. The Markets in Crypto-Assets Regulation is the world's first regulatory framework for stablecoins. It allows EU-based stablecoin investors to redeem their holdings at par value at all times and requires a substantial share of stablecoin reserves to be held in bank deposits, thereby minimising the risks for consumers and financial stability. Most major jurisdictions, however - including the United States - are still working towards establishing their own regulatory frameworks. By way of example, Tether, the largest stablecoin issuer, is currently based in El Salvador, which lacks any prudential framework for stablecoins. This fragmented approach prevents a global level playing field and can open the door to new risks and systemic vulnerabilities. We must therefore remain alert to developments in other jurisdictions and advocate for globally aligned regulations for stablecoins. In this context, accelerating progress towards a digital euro is a strategic priority. Beyond addressing some of the risks posed by stablecoins, a digital euro would help safeguard Europe's bank-based financial and monetary system. Not only would it strengthen Europe's strategic autonomy, but it would also ensure an innovative and resilient European retail payments system.",440,usd,11,5,-1,0.9882233142852783,0.009854243136942387,0.001922416384331882,-1,0,0.995642900466919,-1
S00546_P04,S00546,2025-06-23,Christine Lagarde,Hearing of the Committee on Economic and Monetary Affairs of the European Parliament,"Mind the blind spots"", Financial Stability Review, ECB, May. The ECB Consumer Expectations Survey - November 2024 covering selected euro area countries indicated that, on average, 9.7% of survey respondents (or at least one person in the household) owned crypto-assets, down slightly from the November 2022 figure. Most crypto-asset owners have a relatively low exposure: 54% of respondents reported holdings of below EUR 1,000 and 91% of respondents reported holdings of below EUR 20,000. Overall, this represents about 0.23% of household financial assets and 3% of total crypto-asset market capitalisation. Although banks' exposure to crypto-assets is still small, it has been increasing. For example, the value of crypto-asset custody services provided by banks increased from EUR 400 million in 2023 to EUR 4.7 billion in 2024. Further information on interlinkages between the financial sector and crypto-assets can be found in Aerts, S. et al.",144,general,0,0,0,0.029031885787844658,0.9644857048988342,0.006482340861111879,0,0,0.9996993541717529,0
S00549_P01,S00549,2025-06-27,Piero Cipollone,The quest for cheaper and faster cross-border payments: regional and global solutions,"Geopolitical tensions, for instance, could lead to further fragmentation of global payment systems. Moreover, the expansion of stablecoins could introduce several additional challenges, including currency substitution risks and over-reliance on a limited number of dominant private issuers. This is not a situation we can accept passively.",46,general,3,0,-1,0.9790145754814148,0.01648859493434429,0.004496886394917965,-1,-1,0.9999808073043823,-1
S00549_P02,S00549,2025-06-27,Piero Cipollone,The quest for cheaper and faster cross-border payments: regional and global solutions,"The impact that reducing these fees would have on financial inclusion and well-being cannot be overstated. Third, inefficiencies in cross-border payments have created a gap that alternative players, particularly in the crypto-asset space, are eager to fill. However, many of these solutions come with significant risks. Unbacked crypto-assets, for instance, are highly volatile and speculative in nature, creating risks for unsuspecting households and businesses and lending themselves to illicit activities. Furthermore, stablecoins come with their own set of challenges, which the BIS described in detail in a special chapter of its Annual Economic Report published this week. Stablecoins carry credit risk, making them susceptible to runs, and pose fragmentation risks due to the multitude of stablecoins being issued. Some of these could end up trading at a discount, undermining the singleness of money.",133,general,10,1,-1,0.6581531167030334,0.33363354206085205,0.008213265798985958,-1,-1,0.999772846698761,-1
S00549_P03,S00549,2025-06-27,Piero Cipollone,The quest for cheaper and faster cross-border payments: regional and global solutions,"Moreover, because a small number of issuers currently dominate the market, this could also give rise to concentration risks. Lastly, a key concern is the prevalence of US dollar stablecoins, which currently account for 99% of the global stablecoin market. These stablecoins provide an easy way to store value in dollars, considerably increasing the risk of currency substitution in the form of ""digital dollarisation"". This phenomenon could have destabilising effects, particularly on emerging markets and less developed economies by impairing the effectiveness of domestic monetary policy.",86,usd,5,0,-1,0.9797554016113281,0.01805681362748146,0.0021878418046981096,-1,-1,0.9999784231185913,-1
S00549_P04,S00549,2025-06-27,Piero Cipollone,The quest for cheaper and faster cross-border payments: regional and global solutions,Stablecoins could rapidly gain traction and scale as big tech companies utilise their existing user base and data to promote and market them.,23,general,0,0,0,0.10195919871330261,0.2138308435678482,0.684209942817688,1,1,0.9999998807907104,1
S00550_P01,S00550,2025-06-30,"Christine Lagarde,Philip R. Lane",Opening remarks on the ECB strategy assessment press conference (with Q&A),"I would add that we just have to be alert to changes that are taking place and will be taking place in the financial sector. And I think that the emergence of new payment mechanisms - and here I'm thinking about some of the most recent developments in stablecoins, for instance - will have an impact on the financial sector as well. And to the extent that our monetary transmission is relying heavily on the financial sector, we have to be very attentive to how that is going to restructure the existing channels of transmission that we are used to.",100,general,0,0,0,0.4331723749637604,0.4954817295074463,0.07134585827589035,0,0,0.7447806596755981,0
S00553_P01,S00553,2025-07-09,Philip R. Lane,The monetary agenda at the ECB,"This modernised system would best protect the euro's capacity to serve as the medium of exchange and unit of account. According to some advocates, an alternative approach to adapting the monetary system to a digital age would be to promote stablecoins, issued and operated by private sector intermediaries. There may be some potentially valid use cases for stablecoins, especially in relation to improving the efficiency of cross-border payments, at least compared to the incumbent global payments infrastructure. However, stablecoins lack key attributes of central bank money. Among other limitations, as highlighted in the recent Annual Economic Report, by the Bank for International Settlements, the supply of stablecoins is not elastic (unlike central bank money) since their issuance is driven by upfront purchases by customers. In contrast, central bank money can be issued elastically (especially during a crisis) by lending to counterparties or through open market operations. Additionally, one-to-one parity between the value of a stablecoin and the value of a currency cannot be guaranteed under all circumstances, such that stablecoins do not protect the singleness of money. An effective medium of exchange requires that the monetary system and the payments system form a symbiotic ecosystem.",195,general,1,2,1,0.3649524450302124,0.5631831288337708,0.07186447083950043,0,1,0.9255032539367676,0
S00554_P01,S00554,2025-07-10,Piero Cipollone,Shifting payment landscape: what a digital euro will bring,"This would allow them to retain fees and data and would also enable banks to maintain client relationships. By contrast, these relationships could be threatened by payment solutions that seek to bypass banks, such as stablecoins which are currently dominated by non-bank and non-European issuers and mostly denominated in dollars. Moreover, a digital euro would enable payment service providers to scale up and offer their solutions throughout the euro area by leveraging the digital euro's infrastructure and acceptance network.",79,usd,1,2,1,0.832987368106842,0.09911999851465225,0.06789259612560272,-1,0,0.9951028823852539,-1
S00554_P02,S00554,2025-07-10,Piero Cipollone,Shifting payment landscape: what a digital euro will bring,"Leveraging its open standards and acceptance network would give European payment providers the scale and certainty they need to innovate and expand. This would also benefit banks who are currently losing fees and data to the dominant international payment solutions and could soon also lose deposits to stablecoins, which are dominated by non-European firms and are denominated in US dollars for 99% of their value. For European payment service providers, establishing common standards through the digital euro would enable platforms such as Flik to extend their reach domestically and to operate across all euro area countries from the outset, just as easily as national schemes do within national borders.",109,usd,0,2,1,0.07325057685375214,0.16375665366649628,0.762992799282074,1,1,0.9999940395355225,1
S00559_P01,S00559,2025-09-03,Christine Lagarde,Cutting through the noise: exercising good judgment in a world of change,"And by viewing the system as a whole, rather than as a collection of individual firms, we can better understand how risks propagate across these institutions. Applying timeless principles to new issues: the specific case of stablecoins How does this perspective apply to new financial entities that are emerging across the financial landscape? Take the crypto-asset sector. For example, stablecoins are issued with the promise of maintaining a stable value against a reference asset. For now, they are used mainly as a bridge to and from the crypto ecosystem and as a tool to facilitate crypto-asset trading. But they also aspire to take on more traditional functions, such as serving as a means of exchange.",115,general,1,0,-1,0.182367205619812,0.6312207579612732,0.18641206622123718,0,0,0.6744028925895691,0
S00559_P02,S00559,2025-09-03,Christine Lagarde,Cutting through the noise: exercising good judgment in a world of change,"Such entities must mitigate the risk of a run by ensuring that they have sufficient liquidity to meet redemptions swiftly: this is why the ESRB has been sounding the alarm on certain types of money market funds, for example. In the case of stablecoins, the EU's Markets in Crypto-Assets Regulation (MiCAR) seeks to address this risk in two ways. First, stablecoin issuers must allow EU investors to always redeem their holdings at par value. Second, stablecoin issuers must hold a substantial share of reserves in bank deposits. But gaps remain. One example is so-called multi-issuance schemes, where an EU entity and a non-EU entity jointly issue fungible stablecoins. In such cases, MiCAR requirements do not extend to the non-EU issuer.",120,general,2,0,-1,0.9175805449485779,0.0775643140077591,0.004855122417211533,-1,0,0.9994445443153381,-1
S00559_P03,S00559,2025-09-03,Christine Lagarde,Cutting through the noise: exercising good judgment in a world of change,"Today you will be looking at many of the ways in which finance is changing at breakneck speed, through new technologies, new actors and new forms of finance. Yet as the crypto-asset sector shows, the echoes of risk remain familiar: liquidity strains, leverage, sudden loss of confidence, and hidden interconnections. Our task is to cut through the noise of novelty while remaining anchored in the perennial principles of good risk management, supervision, and effective policy.",75,general,2,0,-1,0.37930360436439514,0.5821457505226135,0.03855060413479805,0,-1,0.8887775540351868,0
S00559_P04,S00559,2025-09-03,Christine Lagarde,Cutting through the noise: exercising good judgment in a world of change,"This principle is reflected in MiCAR as ""same activities, same risks, same rules"" and combined with the principle of technological neutrality. See Recital 9 of Regulation (EU) 2023/1114 of the European Parliament and of the Council of 31 May 2023 on markets in crypto-assets, and amending Regulations (EU) No 1093/2010 and (EU) No 1095/2010 and Directives 2013/36/EU and (EU) 2019/1937, OJ L 150, 9.6.2023, p. 40.",66,general,1,0,-1,0.023447420448064804,0.9533226490020752,0.02322998456656933,0,0,0.9999455213546753,0
S00559_P05,S00559,2025-09-03,Christine Lagarde,Cutting through the noise: exercising good judgment in a world of change,"See the ECB's Non-paper on EU and third country stablecoin multi-issuance published on the Council of the EU website in April 2025. See Portes, R.",25,general,0,0,0,0.026913568377494812,0.9571862816810608,0.01590012200176716,0,0,0.9999814033508301,0
S00560_P01,S00560,2025-09-04,Piero Cipollone,The digital euro: ensuring resilience and inclusion in digital payments,"This has become even more evident in recent months, particularly with the passage of the Genius Act in the United States, which aims to promote crypto-assets and US dollar-backed stablecoins worldwide. See also Eichengreen, B.",35,usd,0,0,0,0.1066611260175705,0.3598097264766693,0.5335291624069214,1,0,0.8764776587486267,1
S00562_P01,S00562,2025-09-17,Christine Lagarde,This time is never different: the importance of safeguarding financial stability,"The banking sector - the focus of today's second session - is also operating in a fast-changing landscape driven both by technological innovation and by the emergence of non-banks. For starters, technology challenges banks' business models through the rise of fintechs as well as new innovations like stablecoins if they gain substantial traction. On top of this, technology also amplifies both the speed and scale at which these risks can materialise.",71,general,1,2,1,0.16937920451164246,0.7372703552246094,0.09335048496723175,0,-1,0.9999111890792847,0
S00562_P02,S00562,2025-09-17,Christine Lagarde,This time is never different: the importance of safeguarding financial stability,"But in substance, the underlying types of risk are often the usual suspects. Non-banks face liquidity and leverage risks, banks face maturity transformation and run risk, and stablecoin issuers face redemption and reserve risks. Europe is sometimes accused of overregulating.",40,general,5,0,-1,0.19235441088676453,0.7989082336425781,0.008737393654882908,0,-1,0.936086893081665,0
S00563_P01,S00563,2025-09-17,Piero Cipollone,What resilience takes: strengthening the financial system in an era of heightened risk,"Innovation is transforming the very nature of money and financial services. Global stablecoins denominated in foreign currencies and crypto-assets promise efficiency, but, if widely adopted, could undermine monetary sovereignty. At the same time, the digitalisation of finance is vastly expanding the attack surface.",43,general,2,2,0,0.5892801880836487,0.2774144113063812,0.1333054155111313,-1,1,0.9994921684265137,-1
S00564_P01,S00564,2025-09-26,Piero Cipollone,Preparing the future of payments and money: the role of research and innovation,"Moreover, new instruments bring new risks, along with new opportunities. Stablecoins issued by non-European firms could create additional dependencies. And stablecoins denominated in foreign currencies could create currency substitution risks. Stablecoins are growing and their role in the financial system has expanded from supporting crypto-asset transactions to facilitating cross-border payments. This can be a springboard for stablecoins to compete in domestic payments by partnering with dominant global payment networks. Stablecoins are a technological novelty that promises to make payments faster or cheaper. However, as highlighted in several papers presented at this conference, they could also pose real risks to financial stability and banking intermediation. Runs on stablecoins could trigger fire sales, sudden deposit shifts and volatility in bank liquidity, amplifying funding pressures. These dynamics also have the potential to affect our monetary policy.",133,general,8,3,-1,0.2602708041667938,0.7089412212371826,0.03078806959092617,0,-1,0.9952397346496582,0
S00564_P02,S00564,2025-09-26,Piero Cipollone,Preparing the future of payments and money: the role of research and innovation,"This, in turn, may disrupt monetary policy transmission, shift demand for central bank liquidity and complicate the ECB's management of short-term interest rates. These challenges are further amplified by the fact that currently 99% of stablecoins are denominated in US dollars. Shaping the future of payments The good news is that public authorities are not powerless in the face of these challenges.",62,usd,1,0,-1,0.9200319647789001,0.07872077822685242,0.0012473214883357286,-1,-1,0.9836894869804382,-1
S00564_P03,S00564,2025-09-26,Piero Cipollone,Preparing the future of payments and money: the role of research and innovation,"We will work closely with universities and experts to continue exploring practical research on new privacy-enhancing techniques, aiming to evaluate their potential use in digital euro payments. The findings of the digital euro innovation platform demonstrate that innovation in the retail space does not depend only on stablecoins - it can flourish using central bank money. In fact, the digital euro would reduce the risk that stablecoins pose to banks. With the digital euro allowing banks to offer consumers access to convenient, widely accepted and innovative payment services, consumer and merchants would have fewer incentives to turn elsewhere.",98,general,1,4,1,0.07248976826667786,0.30586785078048706,0.6216423511505127,1,1,0.9212512373924255,1
S00564_P04,S00564,2025-09-26,Piero Cipollone,Preparing the future of payments and money: the role of research and innovation,"In just over a year the number of actively used stablecoins rose from roughly 60 to more than 170, and global market capitalisation climbed from about USD 125 billion to roughly USD 255 billion - with some 90% of that value concentrated in two issuers and about 99% being US dollar-denominated. See: Aldasoro, I. et al.",56,usd,0,0,0,0.07778242975473404,0.7783920168876648,0.14382554590702057,0,0,0.8942760229110718,0
S00570_P01,S00570,2025-10-03,Isabel Schnabel,Resisting deregulation: safeguarding bank resilience in an evolving financial landscape,"SPEECH Resisting deregulation: safeguarding bank resilience in an evolving financial landscape Speech by Isabel Schnabel, Member of the Executive Board of the ECB, at the farewell symposium in honour of Klaas Knot Amsterdam, 3 October 2025 Geopolitical tensions, soaring asset valuations and financial innovation have put the topic of financial stability back on the agenda. But today, people are talking about hedge funds, bond market functioning, private credit, valuations of AI companies and stablecoins. They rarely mention banks.",78,general,1,1,0,0.8158859610557556,0.14704294502735138,0.03707117214798927,-1,0,0.9945202469825745,-1
S00570_P02,S00570,2025-10-03,Isabel Schnabel,Resisting deregulation: safeguarding bank resilience in an evolving financial landscape,"This was one of the key areas of reform promoted by the Financial Stability Board under Klaas Knot's chairmanship. The new kid on the block: stablecoins A more recent and similarly important trend has been the wave of digital innovation currently reshaping the financial system, bringing with it both new opportunities and risks. The most important, albeit still nascent, development is the advent of stablecoins, which have created new interconnections between banks, crypto markets and traditional asset markets. Stablecoins' original appeal lies in the access they provide to crypto markets, while also offering a cheap and fast way of sending money across borders, bypassing the traditional correspondent banking system. If they were more widely adopted, the implications for the financial system and its stability would be significant, as has also been stressed by the Financial Stability Board. Since stablecoins combine money-like demandable liabilities with reserve assets that could turn illiquid during crises, they are subject to the risk of runs. The largest US stablecoin is already approaching a size comparable to the largest US money market funds (Slide 8, left-hand chart). In the event of such runs, spillovers to the rest of the financial system, especially to banks, are likely.",200,usd,2,3,1,0.8025057315826416,0.17562651634216309,0.021867699921131134,-1,0,0.7542524337768555,-1
S00570_P03,S00570,2025-10-03,Isabel Schnabel,Resisting deregulation: safeguarding bank resilience in an evolving financial landscape,"There are both direct and indirect linkages. Most importantly, stablecoins affect the funding structure of banks. If depositors shift into stablecoins backed by bank deposits, stable retail deposits are replaced by more concentrated and potentially more volatile wholesale deposits, increasing the risk of sudden outflows. Since the EU's Markets in Crypto-Assets Regulation (MiCAR) entered into force in 2023, large deposits from crypto exchanges and stablecoin issuers with euro area banks have risen notably, from less than EUR 1 billion in 2024 to more than EUR 6 billion by mid-2025 (Slide 8, right-hand chart). While this is still small relative to the exposed banks' total assets, it may reach systemically relevant levels if the rapid growth of stablecoins continues. Indirect linkages would emerge if a run on stablecoins led to fire sales of reserve assets. Stablecoin issuers today hold US Treasury securities in amounts comparable to those held by entire countries, such as Norway or Germany (Slide 9, left-hand chart). Already today, their short-term US debt holdings account for roughly 3% of the market, exerting an impact on yields. Such sizeable holdings mean that, in times of stress, stablecoins could amplify financial instability. Forced redemptions would trigger rapid sales of Treasury securities, leading to a sudden deterioration in market liquidity, pushing up short-term rates and impairing banks' access to funding. In spite of their apparent similarity, stablecoins and money market funds react quite differently to shocks, as shown by recent ECB research. For example, when US policy tightens, prime money market funds typically attract inflows, whereas stablecoin market capitalisation shrinks significantly (Slide 9, right-hand chart). Summing up, just as for NBFIs, given the various interconnections, financial stability risks from stablecoins are likely to spill over to the traditional banking sector in the event of a crisis. No time for bank deregulation The message for governments and financial regulators is clear: now is not the time for deregulation.",316,usd,7,0,-1,0.9968084692955017,0.0024194400757551193,0.0007721144356764853,-1,0,0.9953558444976807,-1
S00570_P04,S00570,2025-10-03,Isabel Schnabel,Resisting deregulation: safeguarding bank resilience in an evolving financial landscape,"Preserving this stability will help ensure that banks can continue to serve the economy even when faced with geopolitical fragmentation, technological revolution and climate change. Rather than softening bank regulation, we should make sure that those areas of the financial system that pose new risks to the economy and banks, such as non-banks or stablecoins, are regulated appropriately without stifling innovation. A global push towards deregulation does not challenge this view, as the benefits from long-term financial stability undoubtedly outweigh the short-term gains from deregulation.",85,general,2,2,0,0.9146681427955627,0.07068143784999847,0.014650426805019379,-1,1,0.9926583170890808,-1
S00570_P05,S00570,2025-10-03,Isabel Schnabel,Resisting deregulation: safeguarding bank resilience in an evolving financial landscape,"Stablecoins are designed to maintain a constant value, typically one dollar or one euro, by offering par convertibility on demand. To this end, issuers hold reserves mainly in fiat-denominated short-term assets, such as US Treasuries, high-quality commercial paper, repurchase agreements or bank deposits.",43,usd,0,0,0,0.019672222435474396,0.9128895998001099,0.06743818521499634,0,0,0.999993085861206,0
S00570_P06,S00570,2025-10-03,Isabel Schnabel,Resisting deregulation: safeguarding bank resilience in an evolving financial landscape,"In part, this reflects the need to comply with reserve requirements, 30% of which need to be deposits with banks, with the share rising to 60% for systemic stablecoins. According to the most optimistic private sector estimates, the US dollar stablecoin market may grow as high as USD 4 trillion. So far, the volume of stablecoins in other currencies is negligible.",61,usd,0,0,0,0.05701892822980881,0.9321537017822266,0.010827356018126011,0,0,0.8687791228294373,0
S00575_P01,S00575,2025-10-17,Christine Lagarde,IMFC Statement,"It will also enable private sector innovation and European private payment solutions to achieve pan-European reach, in turn enhancing Europe's strategic autonomy. Developments in payments have also brought private innovations, including stablecoins. While their use within the euro area remains limited, stablecoins offer cross-border capabilities, which may bring benefits if properly designed and regulated. At this stage, risks to euro area financial stability appear contained. However, the global nature of stablecoins calls for consistent regulatory frameworks. By implementing the Markets in Crypto-Assets Regulation (MiCAR), the EU has taken an important step in this direction. Currently, global implementation of the FSB recommendations on global stablecoins remains fragmented, with further progress needed. Fragmented stablecoin regulation raises many challenges for supervisors, including the risk of regulatory arbitrage, particularly if the same stablecoins are being issued from multiple jurisdictions. International cooperation In this increasingly uncertain global economic environment, the value of having the IMF as an impartial and trusted policy adviser and lender to countries with balance of payments problems cannot be overstated.",169,general,4,5,1,0.05530576780438423,0.6707247495651245,0.27396950125694275,0,1,0.9778598546981812,0
S00586_P01,S00586,2025-11-17,Piero Cipollone,The digital euro: a collective step forward for Europe,"The digital euro will be a European digital payment solution built on European infrastructure - all the providers we have selected are EU nationals controlled by EU nationals. And it will ensure that the euro remains the single unit of account, protecting our monetary sovereignty even with the expansion of stablecoins - which are currently mostly denominated in foreign currencies - and unbacked crypto-assets. Preserving banks' business models and enhancing the payment services they can offer Let me now turn to the implications for banks.",85,general,2,0,-1,0.14901840686798096,0.7111441493034363,0.13983745872974396,0,0,0.48867496848106384,0
S00586_P02,S00586,2025-11-17,Piero Cipollone,The digital euro: a collective step forward for Europe,"With big tech mobile payment solutions, they lose fees and data. And in the future, with stablecoins - which do not face holding limits - they would lose fees, data and stable retail deposits. With the digital euro, however, the compensation model will ensure that banks benefit whenever a payment via one of these solutions is replaced by a digital euro transaction.",62,general,0,1,1,0.34162530303001404,0.560856819152832,0.09751790761947632,0,1,0.8603929877281189,0
S00592_P01,S00592,2025-12-08,Piero Cipollone,The transformation of money: technological disruption and the future of financial services,"Because they remain slow and expensive, the race is on to make them more efficient. While this is a possible use case for stablecoins, the latter create a number of risks for domestic currencies and financial systems. They could also threaten the international role of the euro if no strong European alternative emerges to challenge the currently dominant dollar-denominated stablecoins. In this context, inaction is not the best choice for Europe.",71,usd,2,1,-1,0.9406019449234009,0.052391961216926575,0.0070061031728982925,-1,-1,0.9997404217720032,-1
S00592_P02,S00592,2025-12-08,Piero Cipollone,The transformation of money: technological disruption and the future of financial services,"And by offering a convenient payment solution, the digital euro will reduce the risk that the banks' customers turn to alternatives. This will reduce the risk of deposit outflows to stablecoins, which could soon represent an alternative to banks as the source of funds for payments with cards and mobile solutions. Several safeguards have been included in the design of the digital euro to ensure it does not disintermediate banks.",70,general,3,1,-1,0.11894335597753525,0.0834849551320076,0.7975716590881348,1,1,0.7946261167526245,1
S00592_P03,S00592,2025-12-08,Piero Cipollone,The transformation of money: technological disruption and the future of financial services,"If tokenised payments and finance rest on fragmented pools of private settlement assets, liquidity can splinter and assets cannot be traded across platforms. Market participants may need to hold multiple stablecoins just to pay different counterparties. And in stress situations, the promise of one-to-one convertibility may be tested precisely when it matters most.",53,general,1,0,-1,0.5151026844978333,0.4336082935333252,0.051289014518260956,-1,0,0.9999196529388428,-1
S00592_P04,S00592,2025-12-08,Piero Cipollone,The transformation of money: technological disruption and the future of financial services,"Against this backdrop, our objective is to build up European capability by combining openness and improving our payment connections with partners. Stablecoin limits One possible trajectory is a world in which cross-border payments increasingly depend on one or a handful of global, US-dollar-backed stablecoins distributed through dominant platforms. There are three fundamental concerns with such an outcome.",57,usd,1,0,-1,0.9101566672325134,0.08526158332824707,0.004581736400723457,-1,-1,0.9998186230659485,-1
S00592_P05,S00592,2025-12-08,Piero Cipollone,The transformation of money: technological disruption and the future of financial services,"If global payments depend on a small number of issuers and technology stacks, operational incidents, governance failures or runs become systemic issues rather than firm-level problems. Stablecoins may promise frictionless transfer but they can also create vulnerabilities in payments. The second concern is external rule-setting via infrastructure.",47,general,2,0,-1,0.5348439812660217,0.40927982330322266,0.05587609484791756,-1,-1,0.9999513626098633,-1
S00592_P06,S00592,2025-12-08,Piero Cipollone,The transformation of money: technological disruption and the future of financial services,"In a world where payment networks can be weaponised, this is a risk to our economic security. And third, there are currency substitution risks if the stablecoin ecosystem remains overwhelmingly dollar-based. If these instruments achieve scale via global platforms, they can amplify digital dollarisation dynamics - especially in regions with weaker currencies, but also by shifting the unit of account and settlement conventions in digital markets.",66,usd,4,0,-1,0.9710149168968201,0.023222442716360092,0.005762630607932806,-1,-1,0.9998993873596191,-1
S00593_P01,S00593,2025-12-19,Piero Cipollone,The future of money: a central bank perspective,"Third, cross-border payments remain too slow, too costly and too opaque. Stablecoins offer an alternative. But stablecoins come with a number of risks for domestic currencies and financial systems. And if dollar-based stablecoins were to expand and continue dominating the market, they could erode the international role of the euro. In this context, doing nothing is not a sound option.",60,usd,2,0,-1,0.9582828283309937,0.03329203650355339,0.008425182662904263,-1,-1,0.9999607801437378,-1
S00593_P02,S00593,2025-12-19,Piero Cipollone,The future of money: a central bank perspective,"Today, many cross-border transactions still pass through long correspondent banking chains, making them slow, costly and opaque. One possible future would see global, dollar-based stablecoins and their platforms dominate cross-border payments, creating risks of new dependencies and currency substitution. We want a different path.",44,usd,3,0,-1,0.9708738923072815,0.02172250673174858,0.007403649855405092,-1,0,0.9604831337928772,-1
S00596_P01,S00596,2026-01-28,Frank Elderson,Hearing of the Committee on Economic and Monetary Affairs of the European Parliament,"We encourage their use of new technologies to improve their services and strengthen competitiveness. But banks must innovate responsibly by fully incorporating the risks from artificial intelligence and crypto-assets into their risk management. And in the future, if the digital euro is introduced, European banks will be able to further enhance their business models and payment services.",57,general,2,2,0,0.4964855909347534,0.19339776039123535,0.31011661887168884,-1,1,0.9999957084655762,-1
S00597_P01,S00597,2026-02-06,Piero Cipollone,The digital euro: strengthening Europe's payments ecosystem,"Appia will develop a vision for Europe's future digital finance ecosystem. Similarly, in the area of cross-border payments, the rapid growth of US dollar-denominated stablecoins risks displacing the role of euro commercial bank money. We are making rapid advances on this too, as we unlock faster, cheaper and more transparent cross-border payments by interlinking Europe's fast payment system with those of other countries.",63,usd,1,2,1,0.010041272267699242,0.04829884693026543,0.9416598677635193,1,1,0.9999994039535522,1
S00597_P02,S00597,2026-02-06,Piero Cipollone,The digital euro: strengthening Europe's payments ecosystem,"With big tech mobile payment solutions, they lose both fees and data. And in the future, with stablecoins - which do not have holding limits - they would lose fees, data and stable retail deposits. But the compensation model envisaged for the digital euro ensures that banks will benefit when payments move from these solutions to the digital euro.",59,general,0,1,1,0.28711891174316406,0.5753043293952942,0.13757675886154175,0,1,0.9999998807907104,0
S00597_P03,S00597,2026-02-06,Piero Cipollone,The digital euro: strengthening Europe's payments ecosystem,Delays in the legislative process would risk breaking the momentum of these twin public and private efforts. They would further entrench our dependence on international card schemes and increase our exposure to non-European big tech payment solutions and stablecoins. Conclusion Let me conclude.,43,general,2,0,-1,0.23504452407360077,0.7269665598869324,0.037988901138305664,0,0,0.8737859129905701,0
S00597_P04,S00597,2026-02-06,Piero Cipollone,The digital euro: strengthening Europe's payments ecosystem,"Appia will give rise to a public-private partnership that covers the full value chain, from central bank digital currency to tokenised deposits and euro stablecoins and from tokenised bonds to other innovative form of digital financial instruments. Within Europe, TARGET Instant Payment Settlement (TIPS) already provides instant settlement in central bank money and is being extended across currencies.",58,eur,0,3,1,0.03105376660823822,0.8620907664299011,0.10685548186302185,0,0,0.9999735355377197,0
S00601_P01,S00601,2026-02-12,Piero Cipollone,Europe and monetary sovereignty,"In parallel, the loss of fees makes European payment service providers financially weaker, reducing their ability to compete effectively. Tomorrow, European banks could lose fees, data and deposits to stablecoins, which are already partnering with international card schemes to provide an alternative means of settlement to bank deposits. US dollar-denominated stablecoins could also start to gain a foothold in Europe, starting with retail cross-border payments - in e-commerce and tourist locations, for instance - or fringe use cases such as gaming, micro-payments and machine-to-machine payments. The risk could become even more serious if the issuers of these stablecoins were allowed to remunerate their token holders. So we need to address our current dependencies in retail payments and reverse the tide.",120,usd,2,0,-1,0.9735221266746521,0.022499991580843925,0.0039778808131814,-1,-1,0.9970917701721191,-1
S00601_P02,S00601,2026-02-12,Piero Cipollone,Europe and monetary sovereignty,"This would undermine our monetary sovereignty. Take US dollar-denominated stablecoins, which currently account for 99% of the global stablecoin market and are dominated by two non-European issuers. If European tokenised finance and cross-border payments came to depend on such stablecoins, the role of the euro would be diminished. We would, moreover, be relying on assets that entail liquidity, concentration, operational and fragmentation risks, are mostly issued by non-banks, and are exposed to runs.",73,usd,4,0,-1,0.9221477508544922,0.06706739217042923,0.01078485045582056,-1,0,0.7103731036186218,-1
S00601_P03,S00601,2026-02-12,Piero Cipollone,Europe and monetary sovereignty,"It will ensure we can rely on a shared European ledger or a European network of interoperable platforms, where all roads lead to the euro. As in the current system, central bank money will not crowd out private settlement assets such as stablecoins or tokenised deposits. Instead, it will exist alongside them, ensuring that they are interoperable and can be converted into central bank money, thereby supporting trust.",68,general,0,0,0,0.016355643048882484,0.835442066192627,0.14820227026939392,0,0,0.9999146461486816,0
S00601_P04,S00601,2026-02-12,Piero Cipollone,Europe and monetary sovereignty,"I have already alluded to the fact that our monetary sovereignty would benefit from a stronger role of the euro globally. However, the emergence of US dollar-denominated stablecoins has given rise to new concerns about the euro's role in cross-border transactions. US dollar stablecoins aim to provide a digital dollar for global transactions, in addition to their current use as settlement assets in decentralised finance. Stablecoins seem to be filling the gaps left by the retrenching of the ""correspondent banking"" model in recent years. According to Swift data, active correspondent banking relationships declined by 29% between January 2011 and December 2022. Should US dollar-denominated stablecoins fill this gap, the euro's share of global export invoicing - which, at over 40%, is currently on a par with that of the US dollar - could be put under pressure. The Eurosystem has thus also taken action in this space.",147,usd,2,1,-1,0.916832685470581,0.07109232991933823,0.012075024656951427,-1,-1,0.9987201690673828,-1
S00601_P05,S00601,2026-02-12,Piero Cipollone,Europe and monetary sovereignty,"If tokenised payments and finance rest on fragmented pools of private settlement assets, liquidity can splinter and assets cannot be traded across platforms. Market participants may need to hold multiple stablecoins just to pay different counterparties. Cipollone, P.",38,general,1,0,-1,0.6269976496696472,0.3561771810054779,0.016825178638100624,-1,0,0.9996079802513123,-1
S00603_P01,S00603,2026-02-19,Piero Cipollone,The digital euro: enhancing payments in the euro area,"Appia will develop a vision for Europe's future digital finance ecosystem. Similarly, in the area of cross-border payments, the rapid growth of US dollar-denominated stablecoins risks displacing the role of euro commercial bank money. We are making rapid advances on this too, as we unlock faster, cheaper and more transparent cross-border payments by interlinking Europe's fast payment system with those of other countries.",63,usd,1,2,1,0.010041272267699242,0.04829884693026543,0.9416598677635193,1,1,0.9999994039535522,1
S00603_P02,S00603,2026-02-19,Piero Cipollone,The digital euro: enhancing payments in the euro area,"With big tech mobile payment solutions, they lose both fees and data. And in the future, with stablecoins - which do not have holding limits - they would lose fees, data and stable retail deposits. But the compensation model envisaged for the digital euro ensures that banks will benefit when payments move from these solutions to the digital euro.",59,general,0,1,1,0.28711891174316406,0.5753043293952942,0.13757675886154175,0,1,0.9999998807907104,0
S00603_P03,S00603,2026-02-19,Piero Cipollone,The digital euro: enhancing payments in the euro area,Delays in the legislative process would risk breaking the momentum of these twin public and private efforts. They would further entrench our dependence on international card schemes and increase our exposure to non-European big tech payment solutions and stablecoins. Conclusion Let me conclude.,43,general,2,0,-1,0.23504452407360077,0.7269665598869324,0.037988901138305664,0,0,0.8737859129905701,0
S00603_P04,S00603,2026-02-19,Piero Cipollone,The digital euro: enhancing payments in the euro area,"Appia will give rise to a public-private partnership that covers the full value chain, from central bank digital currency to tokenised deposits and euro stablecoins and from tokenised bonds to other innovative forms of digital financial instruments. Within Europe, TARGET Instant Payment Settlement (TIPS) already provides instant settlement in central bank money and is being extended across currencies.",58,eur,0,3,1,0.030083337798714638,0.8649781942367554,0.10493848472833633,0,0,0.999964714050293,0
S00610_P01,S00610,2026-03-23,Philip R. Lane,AI and the euro area economy,"The 2026 Stanford Emerging Technology Report highlights in particular: biotech and synthetic biology; cryptography and computer security; energy technologies; materials science; robotics; neuroscience; semiconductors; quantum technologies; and space. See also Roubini, N.",32,general,0,0,0,0.13499708473682404,0.7521133422851562,0.11288951337337494,0,0,0.9998798370361328,0
S00611_P01,S00611,2026-03-23,Piero Cipollone,Building the rails for Europe's tokenised financial markets,"Europe has already put in place the regulatory foundations for this new ecosystem. With the Markets in Crypto-Assets Regulation (MiCA) and the DLT Pilot Regime, it is among the first jurisdictions to establish a continent-wide framework for tokenised assets. The market momentum is real, and Europe is well placed to lead.",51,general,0,0,0,0.158788800239563,0.5913650393486023,0.2498461902141571,0,1,0.9999985694885254,0
S00611_P02,S00611,2026-03-23,Piero Cipollone,Building the rails for Europe's tokenised financial markets,"Without it, tokenised markets will struggle to develop at the speed and scale that Europe needs. Private settlement assets - whether tokenised deposits or stablecoins - will play a role as commercial bank money does today in traditional finance. But they require a trusted public anchor to function effectively across the whole tokenised financial market. Tokenised central bank money will provide the settlement bridge that makes a private settlement asset convertible to another - enabling, for instance, tokenised deposits to be transferred between banks or stablecoins to be settled in fiat currency directly on DLT. This will allow private innovation to scale with confidence.",104,general,0,1,1,0.045564036816358566,0.8312993049621582,0.12313663959503174,0,0,0.9944487810134888,0
S00611_P03,S00611,2026-03-23,Piero Cipollone,Building the rails for Europe's tokenised financial markets,"That confidence cannot rest on private settlement assets alone. Research shows that even fiat-backed stablecoins - by far the least volatile type of stablecoin - rarely trade exactly at par, even during calm market conditions. And the sub-optimal yet plausible alternative - a single dominant platform and stablecoin with broad network effects - would have different but equally serious consequences for Europe's monetary sovereignty. The findings of our exploratory work informed the Eurosystem's strategy to bring central bank money onto DLT.",81,general,2,0,-1,0.6859605312347412,0.29810279607772827,0.0159367136657238,-1,-1,0.8151907324790955,-1
S00615_P01,S00615,2026-04-01,Piero Cipollone,The digital euro in a fragmenting world: ensuring Europe's resilience and autonomy in payments,"We recently published a roadmap for the project outlining the key policy objectives and areas where further technical work is needed. Private settlement assets will play a role in this ecosystem - whether in the form of tokenised deposits or euro-denominated stablecoins issued in Europe - just as commercial bank money does in traditional finance. But with central bank money acting as an anchor of stability, fragmentation is less likely. Tokenised central bank money can provide the settlement bridge that makes private assets convertible to one another - enabling, for instance, tokenised deposits to be transferred between banks or stablecoins to be settled in fiat currency directly on-chain. Conclusion Let me finish by coming full circle.",116,eur,1,0,-1,0.029743336141109467,0.8826404809951782,0.08761616796255112,0,0,0.999961256980896,0
S00617_P01,S00617,2026-04-17,Christine Lagarde,IMFC Statement,"By providing a safe, trusted and scalable settlement asset, tokenised central bank money supports the development of a robust, integrated European digital assets ecosystem. It also connects otherwise siloed private tokenisation initiatives, including stablecoins and tokenised deposits. This will enable such initiatives to complement central bank money, provided that they are EU-governed, euro-denominated and properly designed and regulated.",58,eur,0,2,1,0.00890294648706913,0.10203918814659119,0.8890578150749207,1,1,0.9998831748962402,1
S00620_P01,S00620,2026-05-04,Piero Cipollone,"Digital assets, payment efficiency and monetary policy","Implication for monetary policy, financial stability and monetary sovereignty Before concluding, let me briefly explain why a proactive role for the central bank in enabling the digitalisation of finance also matters for monetary policy, financial stability and monetary sovereignty. We believe that stablecoins and tokenised deposits can be part of an ecosystem where central bank money underpins two fundamental features of a well-functioning market: the singleness of money and its scalability. Without tokenised central bank money, tokenised financial markets could still expand using private settlement assets.",86,general,2,0,-1,0.10120762884616852,0.09671315550804138,0.8020792007446289,1,1,0.9294984340667725,1
S00620_P02,S00620,2026-05-04,Piero Cipollone,"Digital assets, payment efficiency and monetary policy","But the absence of central bank money would come at the expense of smaller scale, higher fragmentation of liquidity and ultimately lower efficiency. At this point in time, stablecoins are the most likely candidate to play the role of private settlement asset. However, if they were the only settlement asset available, the scale required to satisfy market needs would risk endangering monetary policy transmission, financial stability and monetary sovereignty.",69,general,4,1,-1,0.5392246246337891,0.37483346462249756,0.08594190329313278,-1,0,0.768703818321228,-1
S00620_P03,S00620,2026-05-04,Piero Cipollone,"Digital assets, payment efficiency and monetary policy","This transmission relies heavily on the role of bank deposits and the broader banking system. If stablecoins were the only settlement asset for both retail and wholesale transactions, they would attract a significant share of bank deposits, changing bank liabilities in a profound way. Deposits would be more volatile and more concentrated, affecting banks' capacity to provide credit to the real economy and the transmission of policy rates.",68,general,1,0,-1,0.09981188923120499,0.8413546085357666,0.05883357673883438,0,0,0.8703734278678894,0
S00620_P04,S00620,2026-05-04,Piero Cipollone,"Digital assets, payment efficiency and monetary policy","Monetary sovereignty ultimately rests on the ability of the central bank to ensure its currency remains the unit of account, medium of exchange and store of value within the economy. The adoption of digital assets denominated in foreign currency - such as stablecoins - could challenge this, especially if they were widely adopted for domestic payments. In such a scenario, there is a risk of currency substitution in digital form, which could weaken the effectiveness of domestic monetary policy. In other words, if households and businesses switched to foreign currency-denominated stablecoins for payments and savings, domestic monetary authorities could lose control over the money supply and interest rates. Conclusion To conclude, tokenisation has the potential to unlock efficiency gains and reshape financial intermediation.",123,general,3,1,-1,0.8105923533439636,0.17390766739845276,0.015500002540647984,-1,-1,0.9998107552528381,-1
S00626_P01,S00626,2026-05-07,Isabel Schnabel,The quiet erosion of central bank independence,"These vulnerabilities were compounded by the opacity of the sector and its strong concentration in software businesses. Stablecoins add another dimension: large-scale private issuers holding significant volumes of Treasury bills, bank deposits or other assets could become a source of systemic stress, giving rise to runs and fire sale dynamics that may destabilise markets and the traditional financial sector (Slide 12). The next phase of regulation should focus on the ""same risk, same rules"" principle to avoid regulatory arbitrage.",79,general,3,0,-1,0.8626277446746826,0.1340203434228897,0.0033519123680889606,-1,0,0.7711917757987976,-1
S00627_P01,S00627,2026-05-08,Christine Lagarde,Stablecoins and the future of money: separating functions from instruments,"SPEECH Stablecoins and the future of money: separating functions from instruments Speech by Christine Lagarde, President of the ECB, at the Banco de España LatAm Economic Forum in Roda de Bará, Spain Roda de Bará, 8 May 2026 It is a privilege to be at Castillo de Bará for the inaugural Banco de España LatAm Economic Forum. Few developments in recent years have moved from the periphery to the centre of the policy debate as quickly as stablecoins. Stablecoins have grown from less than USD 10 billion six years ago to more than USD 300 billion today. They are overwhelmingly denominated in US dollars, and nearly 90% of the market is controlled by two issuers - Tether and Circle - based in El Salvador and the United States, respectively. As their adoption has expanded and their links to the real financial system are deepening, the risks they pose have come firmly into focus, especially as regards financial stability.",158,usd,1,0,-1,0.9505957365036011,0.039014413952827454,0.010389808565378189,-1,0,0.9970554113388062,-1
S00627_P02,S00627,2026-05-08,Christine Lagarde,Stablecoins and the future of money: separating functions from instruments,"Europe was early to recognise this. The Markets in Crypto-Assets Regulation (MiCAR) brought stablecoins within the regulatory perimeter in 2024, ahead of developments elsewhere, aiming to contain these risks and safeguard the integrity of the financial system. In the United States, however, the approach has taken a broader turn. The GENIUS Act is not just a consumer protection and financial stability measure. The US Administration explicitly describes it as a tool to ensure ""the continued global dominance of the U.S. dollar"" and to cement demand for US Treasuries.",88,usd,2,0,-1,0.7214398384094238,0.14090760052204132,0.13765262067317963,-1,1,0.9547919034957886,-1
S00627_P03,S00627,2026-05-08,Christine Lagarde,Stablecoins and the future of money: separating functions from instruments,"The terms of the debate have shifted with it. It is no longer about whether stablecoins should exist, but whether jurisdictions can afford to be without them. The growing argument is that to remain relevant, Europe must respond by promoting euro-denominated stablecoins of its own. Otherwise, it faces a future of digital dollarisation and a loss of monetary sovereignty. But what this debate has not asked clearly enough is what, precisely, stablecoins are for. The benefits attributed to them rest on two distinct functions - a monetary function and a technological function - that are systematically conflated in the current debate.",101,both,2,1,-1,0.25852224230766296,0.2988434433937073,0.44263434410095215,1,0,0.9832050204277039,1
S00627_P04,S00627,2026-05-08,Christine Lagarde,Stablecoins and the future of money: separating functions from instruments,"To one who does not know to which port one is sailing, no wind is favourable. The argument I want to develop today is that once we disentangle those two functions, the case for promoting euro-denominated stablecoins is far weaker than it appears. And a more fundamental question comes into view: do we actually need stablecoins to obtain the benefits they are said to provide? Or are we mistaking the instrument for the outcome, when what matters is the architecture underpinning which other instruments can safely emerge? One instrument, two functions Stablecoins were initially designed to solve a narrow problem within the crypto ecosystem: price volatility. To make a specific type of crypto-asset usable for settlement, the creators of stablecoins anchored them mainly to fiat money, the very system they had originally sought to bypass, backing each token one-for-one with cash and short-dated government debt. That design choice made stablecoins the internal settlement currency of decentralised finance and the primary bridge between crypto and currencies. It still accounts for the overwhelming majority of their transaction volume. But as stablecoins move beyond the crypto ecosystem, two distinct functions have started coming into view. The first is monetary. Stablecoins are increasingly seen as a way to extend the global reach of reserve currencies by easing two long-standing constraints on how those currencies circulate and who can hold the assets behind them. The first constraint is access to cross-border payment infrastructure.",238,eur,1,1,0,0.20549266040325165,0.5044845342636108,0.2900228202342987,0,0,0.9950898885726929,0
S00627_P05,S00627,2026-05-08,Christine Lagarde,Stablecoins and the future of money: separating functions from instruments,"Historically, that access ran through merchant houses in the Renaissance and nowadays comes via the correspondent banking networks. Stablecoins allow monetary value to move outside traditional banking channels, with fewer intermediaries and allegedly lower costs, extending the currency's reach into areas where access has declined. This is most evident when transactions remain inside the crypto ecosystem, as is increasingly the case in cross-border business-to-business payments, which already account for around 60% of stablecoin payment volume - though that volume amounts to just 0.01 % of global business-to-business flows. Converting into and out of stablecoins, however, incurs costs that can erode those gains. The second constraint is the ease of holding the currency outside its home jurisdiction.",116,general,1,1,0,0.11667405068874359,0.6312236189842224,0.2521023154258728,0,1,0.6671029925346375,0
S00627_P06,S00627,2026-05-08,Christine Lagarde,Stablecoins and the future of money: separating functions from instruments,"But each route involves friction, with cash being cumbersome and earning no yield, and capital market access remaining the preserve of institutional investors. Stablecoins reduce those frictions, as digital access is faster and easier than hard cash, and it reaches savers in countries where weak currencies can erode savings. In economies where access to a stable currency has historically been constrained, transaction flows already reach around 7.7% of GDP in Latin America and 6.7% in Africa and the Middle East. The implications deepen if stablecoins were to be remunerated. As US dollar-pegged stablecoins hold Treasury bills as reserves, a yield-bearing stablecoin makes its holder, indirectly, a holder of US government debt - held not only as a store of value, but as an investment asset. And individual portfolio choices aggregate into systemic effects. Research finds that a USD 3.5 billion inflow into dollar-backed stablecoins lowers three-month Treasury bill yields by around 2.5-3.5 basis points under normal conditions, with the effect more than doubling in periods of Treasury bill shortages. The second function of stablecoins is technological. It is about how transactions are executed and settled within emerging financial infrastructure.",189,usd,1,1,0,0.020408235490322113,0.13952355086803436,0.8400682210922241,1,0,0.9805223345756531,1
S00627_P07,S00627,2026-05-08,Christine Lagarde,Stablecoins and the future of money: separating functions from instruments,"As trading and ownership move onto these platforms, a new requirement emerges: transactions need a settlement asset that can operate natively within the same environment. Stablecoins have naturally filled this role. They have become the default cash leg for so-called atomic settlement - the simultaneous exchange of two assets within a single transaction, where either both sides settle instantly or neither does.",62,general,0,1,1,0.026739757508039474,0.3469519019126892,0.6263083219528198,1,0,0.9938467144966125,1
S00627_P08,S00627,2026-05-08,Christine Lagarde,Stablecoins and the future of money: separating functions from instruments,"This function requires a stable unit of value on-chain. Most crypto-assets are too volatile to serve this purpose. By anchoring their value to fiat currencies and backing it with liquid reserves, stablecoins are, for now, the only instruments able to perform this role reliably at scale. In effect, they act as the system's native ""cash"".",55,general,1,0,-1,0.05961362272500992,0.5815994143486023,0.358786940574646,0,0,0.9998120665550232,0
S00627_P09,S00627,2026-05-08,Christine Lagarde,Stablecoins and the future of money: separating functions from instruments,"Adoption is already accelerating. Tokenised money market funds whose shares are issued as tokens on DLT, deployable as collateral in derivatives and repo markets, roughly doubled in market capitalisation in 2025, reaching around EUR 7 billion, outpacing growth in both stablecoins and traditional money market funds. Taken together, these developments reveal a technology that is doing two distinct things at once - reshaping monetary demand and transforming settlement infrastructure - in ways that blur the boundary between them.",78,general,0,0,0,0.02562715858221054,0.7839049100875854,0.1904679834842682,0,1,0.9999748468399048,0
S00627_P10,S00627,2026-05-08,Christine Lagarde,Stablecoins and the future of money: separating functions from instruments,"And it is where Europe risks going wrong. Does Europe need stablecoins? With close to 98% of stablecoins denominated in US dollars, and with the United States now moving to entrench that position through legislation, the growing argument is that Europe must match the US model to remain competitive. But that framing rests on the confusion I have just described.",60,usd,1,1,0,0.3732982575893402,0.5592944622039795,0.0674072653055191,0,-1,0.6921628713607788,0
S00627_P11,S00627,2026-05-08,Christine Lagarde,Stablecoins and the future of money: separating functions from instruments,"Let me take each in turn, beginning with the monetary function. The monetary function Euro-denominated stablecoins, operating within the framework already established by MiCAR, could generate additional global demand for euro area safe assets. If that demand were to grow - driven by buyers outside the euro area, with reserves channelled into safe assets - sovereign yields would compress, financing conditions would ease, and the international reach of the euro would be extended through a new digital channel.",78,eur,0,0,0,0.041913773864507675,0.7300053238868713,0.2280808538198471,0,1,0.9999476671218872,0
S00627_P12,S00627,2026-05-08,Christine Lagarde,Stablecoins and the future of money: separating functions from instruments,"In the short term, the proposition looks like a tailwind. But these stablecoins need to be assessed alongside the trade-offs they would create, at least two of which are material. The first concerns financial stability. Stablecoins are private liabilities whose stability depends on the credibility and liquidity of their backing. When confidence holds, they function as intended.",57,general,1,0,-1,0.10890132188796997,0.5969930291175842,0.2941056489944458,0,-1,0.7407793998718262,0
S00627_P13,S00627,2026-05-08,Christine Lagarde,Stablecoins and the future of money: separating functions from instruments,"The promise of par redemption depends on the very market confidence that can vanish when financial stability deteriorates - and a mass redemption can accelerate that deterioration. As stablecoin use grows, so too does the potential for feedback loops between redemptions and asset markets, particularly where issuers are non-banks. Multi-issuer schemes add a further layer of vulnerability. Where the same stablecoin is issued jointly by EU and non-EU entities, MiCAR's safeguards reach only the EU issuer. In a run, investors will naturally seek to redeem where protections are strongest - which is likely to be the EU, where MiCAR also prohibits redemption fees.",103,general,2,0,-1,0.759793221950531,0.23349076509475708,0.006716067902743816,-1,-1,0.9869716763496399,-1
S00627_P14,S00627,2026-05-08,Christine Lagarde,Stablecoins and the future of money: separating functions from instruments,"The ECB's ability to maintain price stability depends on interest rate decisions reaching firms and households through the banking system. When retail deposits migrate into non-bank stablecoins and return to banks as wholesale funding, that channel narrows. Banks lend less, or less efficiently, and the pass-through from policy rates to the real economy weakens.",54,general,0,1,1,0.2508510649204254,0.7101397514343262,0.039009153842926025,0,-1,0.9995920062065125,0
S00627_P15,S00627,2026-05-08,Christine Lagarde,Stablecoins and the future of money: separating functions from instruments,"Taken together, these trade-offs are significant. They outweigh the short-term gains in financing conditions and international reach that euro-denominated stablecoins might provide. If we want to strengthen the international appeal of the euro, stablecoins are not an efficient way of doing so. The best solution remains the same: more integrated capital markets through the savings and investments union, and over time a safe asset base that matches the scale of our ambitions for the euro's international role. The technology function Nonetheless, the technology that stablecoins make accessible is genuinely transformative. DLT makes it possible to build shared, cross-jurisdictional financial market infrastructure from the ground up - issuance, trading and settlement on a single platform, accessible across borders without relying on a maze of legacy intermediaries.",125,eur,0,1,1,0.793927013874054,0.14979779720306396,0.0562751367688179,-1,1,0.9977904558181763,-1
S00627_P16,S00627,2026-05-08,Christine Lagarde,Stablecoins and the future of money: separating functions from instruments,"DLT offers a real path towards integration. For that reason, the prospect of rapid dollar stablecoin uptake in European tokenised markets is a legitimate concern that risks entrenching dollar dependency at the level of settlement infrastructure itself. The answer, however, does not lie in rejecting technology or discouraging stablecoins altogether. Instead, we must build the public infrastructure that will enable alternative instruments, such as stablecoins and other forms of tokenised money, to operate within a framework anchored by central bank money. On its own, the stablecoin model has two structural weaknesses as a foundation for settlement. The first is fragility.",100,usd,4,1,-1,0.4275570511817932,0.5005435347557068,0.07189933955669403,0,-1,0.9998661279678345,0
S00627_P17,S00627,2026-05-08,Christine Lagarde,Stablecoins and the future of money: separating functions from instruments,"A key benefit of tokenised financial markets is atomic settlement, but that guarantee is only as strong as the instrument that serves as cash within the system. As stablecoins can break away from their peg during times of stress, they do not confer the unconditional finality that central bank money does. At stake is the singleness of money, the principle that a unit of currency has the same value regardless of who issues it. A settlement layer built on private stablecoins risks weakening that principle. The second is fragmentation. The promise of tokenised finance is a single, interoperable environment , but if settlement relies on stablecoins, that environment fragments across however many competing instruments the market produces. Consequently, we end up with multiple platforms and no common anchor for convertibility.",130,general,3,1,-1,0.4758620262145996,0.3477504849433899,0.1763874888420105,-1,0,0.9880821704864502,-1
S00627_P18,S00627,2026-05-08,Christine Lagarde,Stablecoins and the future of money: separating functions from instruments,"While these are weaknesses of the instrument itself, they are not arguments against private tokenised money as part of a broader ecosystem. Tokenised commercial bank deposits, for example, offer another route, as they carry the credit quality of regulated institutions, can circulate on DLT platforms and may in time prove preferable to stablecoins for many wholesale use cases. Regardless of which instrument will prevail, the public infrastructure must be in place to ensure safety and interoperability across the system.",79,general,0,0,0,0.10976038128137589,0.8318595886230469,0.05838003754615784,0,0,0.9994531273841858,0
S00627_P19,S00627,2026-05-08,Christine Lagarde,Stablecoins and the future of money: separating functions from instruments,"The Appia roadmap published in March goes even further, and sets out the path to a fully interoperable, European, tokenised financial ecosystem by 2028. Dollar-denominated stablecoins have, through first-mover advantage and network effects, already become the default settlement asset in tokenised finance. When central bank money is available natively on-chain, and when tokenised deposits and MiCAR-compliant euro instruments can operate within the same interoperable environment, market participants will have no reason to rely on a foreign private substitute by default.",80,usd,0,0,0,0.02970992960035801,0.6853494644165039,0.284940630197525,0,0,0.9991894364356995,0
S00627_P20,S00627,2026-05-08,Christine Lagarde,Stablecoins and the future of money: separating functions from instruments,"Conclusion Let me conclude. The question I posed at the outset was whether we need stablecoins to obtain the benefits they are said to provide, or whether we are mistaking the instrument for the outcome. The answer, I have argued, depends on the function.",44,general,0,1,1,0.2979130744934082,0.3393210470676422,0.362765908241272,1,0,0.9992443323135376,1
S00627_P21,S00627,2026-05-08,Christine Lagarde,Stablecoins and the future of money: separating functions from instruments,"For the monetary function, the foundations have to come first: deeper and more integrated capital markets, and a safe asset. Stablecoins cannot build those foundations for us, and without them, euro-denominated stablecoins could risk amplifying the very vulnerabilities we are trying to overcome. For the settlement function, the key question is less about which private instrument will prevail - be it stablecoins, tokenised deposits or a yet-to-emerge alternative - and more about whether a common anchor is in place. That's why we are placing central bank money at the heart of this new infrastructure.",94,both,2,0,-1,0.7276304364204407,0.25924214720726013,0.01312742568552494,-1,0,0.9820903539657593,-1
S00627_P22,S00627,2026-05-08,Christine Lagarde,Stablecoins and the future of money: separating functions from instruments,"Trump signs GENIUS Act into law"", press release, 18 July. Commodity-backed and other asset-backed variants exist but remain a small fraction of the market.",24,usd,0,0,0,0.03787984326481819,0.88994961977005,0.07217058539390564,0,0,0.9997323155403137,0
S00627_P23,S00627,2026-05-08,Christine Lagarde,Stablecoins and the future of money: separating functions from instruments,"The Regulation requires stablecoin issuers to hold at least 30% (60% for significant issuers) of their reserve assets with credit institutions, while the remainder must consist of low-risk, highly liquid financial instruments, such as sovereign bonds. Ferrari Minesso, M. and Siena, D.",42,general,1,0,-1,0.19366353750228882,0.7947573661804199,0.011579109355807304,0,0,0.9999637603759766,0
S00627_P24,S00627,2026-05-08,Christine Lagarde,Stablecoins and the future of money: separating functions from instruments,"Across major trading venues, the two dominant stablecoins usually trade within 1% of the dollar value, but prices can diverge sharply during stress episodes, with USD Coin falling to about USD 0.87 in March 2023 and Tether to about USD 0.90 on some platforms in October 2018. In January, ""demand for USDT surged due to the US attack on Venezuela, causing the token to trade as high as roughly USD 1.40 on some peer-to-peer exchanges"".",75,usd,0,0,0,0.08025579899549484,0.8937299847602844,0.026014234870672226,0,1,0.7289833426475525,0
S00632_P01,S00632,2026-05-28,Piero Cipollone,Money in the digital age,"These may be either private or central bank liabilities, as is already the case today. Stablecoins are currently the leading private solution. They got off to an early start by offering a tokenised settlement asset widely used in crypto markets. More recently they have been put forward as a solution to improve cross-border payments.",54,general,0,1,1,0.05803201347589493,0.5829035639762878,0.3590644598007202,0,1,0.919696033000946,0
S00632_P02,S00632,2026-05-28,Piero Cipollone,Money in the digital age,"They offer speed, programmability and continuous availability. Stablecoins nevertheless carry credit and liquidity risk and may have an impact on financial stability. Their safety depends on the quality and liquidity of reserves, the robustness of redemption arrangements, and effective regulatory oversight.",41,general,1,1,0,0.3553678095340729,0.5891976356506348,0.055434536188840866,0,-1,0.7822772860527039,0
S00632_P03,S00632,2026-05-28,Piero Cipollone,Money in the digital age,"If widely adopted, they may bring about profound change in the role played by commercial banks in maturity transformation and as the major channel for financing the real economy. But stablecoins are only one of several possible tokenised settlement assets. Tokenised deposits, for example, could offer a private alternative.",49,general,0,0,0,0.09082528203725815,0.5953216552734375,0.3138529658317566,0,0,0.999853253364563,0
S00632_P04,S00632,2026-05-28,Piero Cipollone,Money in the digital age,"But to take our response to cross-border inefficiencies even further, we are working on interlinking fast payment systems available in many other countries, including outside the European Union. This interlinking will allow payments to move seamlessly across borders without undermining countries' monetary sovereignty, as could happen with the spread of stablecoins denominated in a dominant currency. This approach builds on existing infrastructures rather than replacing them with entirely new global systems.",71,general,2,1,-1,0.12824584543704987,0.6942158937454224,0.177538201212883,0,0,0.9994600415229797,0
S00634_P01,S00634,2026-06-01,Isabel Schnabel,From money market funds to stablecoins: lessons for central banks,"SPEECH From money market funds to stablecoins: lessons for central banks Speech by Isabel Schnabel, Member of the Executive Board of the ECB, at the 2026 Bank of Korea International Conference on Central Banks and the Future of Money Seoul, 1 June 2026 The nature of money has never been static. Over the centuries, financial innovation has reshaped how money is created, transferred and stored, often enhancing efficiency, broadening access and boosting economic welfare.",74,general,0,2,1,0.11117283999919891,0.8017573356628418,0.08706986159086227,0,1,0.9976033568382263,0
S00634_P02,S00634,2026-06-01,Isabel Schnabel,From money market funds to stablecoins: lessons for central banks,"When such innovations reach scale, they alter the structure of the financial system, with consequences for financial stability, monetary policy and the international monetary order. One recent innovation has been stablecoins. These are privately issued digital tokens pegged to fiat currencies and typically backed by portfolios of traditional assets.",49,general,0,2,1,0.19813574850559235,0.5409641861915588,0.2609001398086548,0,0,0.9969586133956909,0
S00634_P03,S00634,2026-06-01,Isabel Schnabel,From money market funds to stablecoins: lessons for central banks,"To understand the unfolding changes, it is worth looking at how earlier innovations transformed financial markets. Hyun Song Shin and his co-authors were among the first to examine these issues through a historical lens, drawing parallels with earlier monetary innovations, namely the ""bank money"" issued by the Bank of Amsterdam, which can be seen as an early form of stablecoin. Backed by high-quality assets and providing a stable unit of account, bank money offered a trusted means of settlement and went on to become a key international currency for more than a century.",93,general,0,2,1,0.03419220820069313,0.831419050693512,0.1343887746334076,0,1,0.9469960927963257,0
S00634_P04,S00634,2026-06-01,Isabel Schnabel,From money market funds to stablecoins: lessons for central banks,"Its eventual decline, however, illustrates how such trust can dissipate once confidence in the underlying assets weakens, even if the money is issued by a public deposit bank. More recently, a private and closer analogue of stablecoins emerged: money market funds. These created a highly liquid investment instrument that offered a market-based yield while promising a stable value, reshaping financial intermediation. In my remarks today, I will examine the parallels and differences between the emergence of money market funds and that of stablecoins to provide a perspective on the challenges posed by stablecoins and other forms of tokenisation for today's financial system. I will argue that private monetary innovation can offer significant benefits.",113,general,0,3,1,0.3420889377593994,0.5124883055686951,0.1454227715730667,0,1,0.9992769360542297,0
S00634_P05,S00634,2026-06-01,Isabel Schnabel,From money market funds to stablecoins: lessons for central banks,"Thus, the advent of money market funds offered benefits to investors in the form of higher returns and greater choice, while financial markets became deeper and more diversified. Challenges from stablecoins Stablecoins share several features with money market funds. Both invest in a portfolio of short-term safe assets and aim to offer redemption at or near par into fiat currency.",60,general,0,1,1,0.1555536538362503,0.6660709381103516,0.17837537825107574,0,1,0.63694167137146,0
S00634_P06,S00634,2026-06-01,Isabel Schnabel,From money market funds to stablecoins: lessons for central banks,"The attractiveness of money market funds has traditionally rested on their ability to offer competitive market yields. Stablecoins, by contrast, do not generally pay interest, at least not directly. Stablecoins do not therefore constitute an attractive store of value, compared with money market funds or remunerated bank deposits. And yet, this has done little to curb demand. Global stablecoin market capitalisation has increased swiftly and is now close to USD 300 billion, although growth has moderated recently. The two largest US dollar-denominated stablecoins, Tether (USDT) and USD Coin (USDC), account for roughly 90% of the total market. Euro-denominated stablecoins have so far played only a marginal role, with a combined market capitalisation of approximately EUR 500 million (Slide 4). The appeal of stablecoins is expected to lie mainly in their potential use as an efficient means of payment and settlement - functions that are not offered by money market funds. Stablecoins promise to provide near-instant settlement, programmability, global accessibility and a cheap way of sending money across borders. So far, stablecoins have primarily been used to settle transactions in crypto markets, with crypto trading remaining the dominant use case by far. Other use cases account for only a small share of current activity, but they are expected to grow over time, although there remains a high degree of uncertainty about their future trajectory (Slide 5, left-hand side). Around 85% of the transaction volume on crypto trading platforms involves exchanges between stablecoins and other crypto-assets, even though other types of transactions are gaining ground (Slide 5, right-hand side). The rapid growth of stablecoins worldwide means that central banks must assess their implications carefully. Three aspects stand out: financial stability, monetary policy and the international financial order. Stablecoins can trigger runs and fire sales The first area of concern is financial stability. In general, the expansion of market-based finance, including via money market funds, has contributed to financial stability by offering greater diversification opportunities for both investment and funding, and by making the system more resilient by not relying exclusively on bank intermediation.",341,both,2,6,1,0.5295842289924622,0.4305470585823059,0.039868686348199844,-1,0,0.7881514430046082,-1
S00634_P07,S00634,2026-06-01,Isabel Schnabel,From money market funds to stablecoins: lessons for central banks,"The greater reliance on more volatile wholesale deposits and short-term market-based debt since the advent of money market funds is likely to have amplified banks' vulnerability to runs. Stablecoins could imply a new wave of bank disintermediation, even if they are unremunerated. If households and firms replace bank deposits with stablecoins, banks are likely to face a less stable deposit base as retail deposits are replaced by wholesale deposits. This shift would make banks' liabilities more concentrated, rate-sensitive and volatile. The second fragility relates to the risk that money market funds, or stablecoins for that matter, may face runs themselves. This risk became evident during the global financial crisis, which exposed the vulnerability of money market funds to runs and the lack of a safety net to mitigate systemic risks.",130,general,9,0,-1,0.9054549932479858,0.0921635553240776,0.002381450729444623,-1,-1,0.9995911717414856,-1
S00634_P08,S00634,2026-06-01,Isabel Schnabel,From money market funds to stablecoins: lessons for central banks,"We have seen money market funds come under stress on several further occasions in recent years, such as during the European sovereign debt crisis and, more recently, at the onset of the COVID-19 pandemic. Stablecoins may exhibit similar vulnerabilities. Due to their liquidity mismatch and a potential loss of trust in the quality of the assets, they are also subject to the risk of runs. And with the size of the largest US dollar-pegged stablecoins now approaching that of the largest US money market funds, their impact on financial markets could be significant (Slide 6, right-hand side). How such runs might eventually play out will depend critically on a stablecoin's reserve assets (Slide 7, left-hand side). Tether, for example, holds parts of its reserves in relatively illiquid and risky assets, including commodities, loans and crypto-assets, making it more vulnerable to a loss of confidence in the quality or liquidity of those reserves - much like the Bank of Amsterdam in the second half of the 18th century. USD Coin is mainly backed by sovereign bonds and repos, which could imply spillovers to sovereign debt markets and broader fixed-income markets if large redemption requests were to force fire sales. An additional complication derives from the fact that stablecoins are subject to 24/7 settlements while the reserve assets may still be subject to traditional settlement at T+1 or T+2. By contrast, European stablecoins are legally required to hold a high share of their reserve assets in the form of bank deposits. Under the EU's Markets in Crypto-Assets Regulation (MiCAR) at least 30% of stablecoin reserves must be held as bank deposits, rising to 60% for significant stablecoins. While these requirements aim to increase the liquidity of reserves and limit disintermediation, they also make stablecoins less profitable for issuers and could amplify financial contagion between stablecoins and the traditional banking sector, for example by exposing stablecoins to bank default risk. The events of March 2023 highlighted these risks in the United States.",329,usd,9,0,-1,0.926251232624054,0.07263431698083878,0.001114445272833109,-1,-1,0.6966468691825867,-1
S00634_P09,S00634,2026-06-01,Isabel Schnabel,From money market funds to stablecoins: lessons for central banks,"USD Coin's peg came under pressure because part of its reserves were held as deposits at the failing Silicon Valley Bank, raising doubts about the quality and availability of its assets. Conversely, a run on a stablecoin could lead to sudden withdrawals of reserves held at banks, implying contagion in the opposite direction. Since MiCAR came into force in 2023, euro area banks' deposits from crypto exchanges and stablecoin issuers have increased notably, even if they still remain small relative to the exposed banks' total assets (Slide 7, right-hand side). Stablecoins affect financial conditions and monetary policy transmission The second challenge concerns monetary policy. Conceptually, it is important to distinguish between changes induced by the broad-based adoption of stablecoins and changes in the transmission of policy rate decisions. Regarding the structural changes induced by a potential shift towards stablecoins, the implications could be similar to those of the rise of money market funds. The shift towards more volatile wholesale funding would tend to raise banks' funding costs and tighten their regulatory liquidity requirements, which could induce them to increase their holdings of high-quality liquid assets (HQLA) and could constrain banks' capacity to extend credit to firms.",196,general,4,0,-1,0.9146290421485901,0.08335793018341064,0.002012971555814147,-1,-1,0.9996756315231323,-1
S00634_P10,S00634,2026-06-01,Isabel Schnabel,From money market funds to stablecoins: lessons for central banks,"Overall, this would tend to tighten financing conditions in the economy, especially for bank-dependent borrowers like small and medium-sized enterprises. At the same time, the adoption of stablecoins could imply an easing of financial conditions if issuers were to invest their reserves in short-term government securities, creating an additional demand for those securities. Hence, similar to money market funds, stablecoins could contribute to channelling liquidity into market instruments. This would reduce yields on government debt, which would likely also be transmitted to other short-term rates in the economy. This is already visible in the United States, where major US dollar stablecoin issuers have become sizeable holders of short-term sovereign debt (Slide 8, left-hand side). BIS research finds that a large inflow into US dollar-backed stablecoins may lower three-month US Treasury bill yields significantly, with limited to no spillovers to other tenors, leading to a steepening of the yield curve. If stablecoin issuance prompts banks to rebuild their liquidity buffers by buying government securities, this could reinforce the easing in financial conditions. However, the general reallocation towards government debt could also result in a crowding out of private borrowers. Given these countervailing effects, the net impact of the broad adoption of stablecoins on financial conditions is uncertain and depends, among other things, on the type of reserve assets. However, in relative terms, bank lending conditions are likely to tighten relative to market conditions.",232,usd,1,0,-1,0.20617163181304932,0.7615496516227722,0.03227875381708145,0,-1,0.49504950642585754,0
S00634_P11,S00634,2026-06-01,Isabel Schnabel,From money market funds to stablecoins: lessons for central banks,"By contrast, the United States experienced substantial deposit outflows from banks into money market funds (Slide 9). For stablecoins, however, this channel is likely to play out differently - at least if stablecoins are unremunerated. Higher policy rates would increase the opportunity costs of holding unremunerated stablecoins, reducing their attractiveness and prompting investors to rebalance towards yield-bearing financial assets, including bank deposits. Recent research indeed shows that, unlike money market funds, stablecoins tend to experience outflows following contractionary US monetary policy shocks, behaving more like unremunerated bank deposits (Slide 10, left-hand side). This is consistent with descriptive evidence on the co-movement of stablecoin growth relative to other instruments with policy rates (Slide 10, right-hand side). The net impact of stablecoins on monetary policy transmission is then shaped by two opposing forces. On the one hand, greater reliance on wholesale funding would strengthen transmission - as wholesale funding costs reprice more rapidly and more strongly in response to policy rate changes.",160,usd,0,1,1,0.04837504401803017,0.9337661862373352,0.017858751118183136,0,0,0.9283431172370911,0
S00634_P12,S00634,2026-06-01,Isabel Schnabel,From money market funds to stablecoins: lessons for central banks,"ECB research shows that, in response to a contractionary monetary policy shock, banks that rely more heavily on wholesale funding increase both lending and deposit rates more strongly and cut loan growth by more, while at the same time increasing the uncertainty around the impact of monetary policy actions (Slide 11). On the other hand, monetary policy tightening may prompt stablecoin holders to shift back part of their holdings into bank deposits, dampening the initial transmission impulse. The net effect hinges on the elasticity of this substitution. If stablecoins are adopted primarily as a payment instrument rather than a store of value, users are likely to maintain stablecoin holdings for transactional convenience even as interest rates rise. Under this scenario, stablecoin adoption would on balance strengthen monetary policy transmission. Finally, unremunerated stablecoins, if systemically relevant, could reinforce the zero lower bound constraint on the policy rate, as negative interest rates could render stablecoins' business model unprofitable, leading to a collapse of the market. In fact, the significance of the money market fund industry in the United States likely contributed to the Federal Reserve shying away from negative interest rates. Stablecoins could cement the international dominance of the dollar The third aspect concerns the international monetary order. The expansion of US dollar-denominated money market funds has reinforced the global role of the dollar.",222,usd,2,1,-1,0.12877120077610016,0.8419026732444763,0.029326127842068672,0,-1,0.9875211715698242,0
S00634_P13,S00634,2026-06-01,Isabel Schnabel,From money market funds to stablecoins: lessons for central banks,"Not least due to the dominant role of the dollar, US monetary policy has become a major driver of the global financial cycle. The growing use of stablecoins may further cement the international dominance of the US dollar. Today, virtually all stablecoins in circulation are denominated in dollars, with other currencies playing a negligible role (Slide 13, left-hand side). ECB research suggests that significant dollar-denominated stablecoin issuance could amplify the international transmission of US monetary policy (Slide 13, right-hand side). Under a scenario of broad US dollar-backed stablecoin adoption - a scenario more relevant for emerging market economies - a contractionary US monetary policy shock creates greater spillovers to real economic output abroad than under a scenario of no stablecoin adoption. Global US dollar stablecoins could create new cross-border networks where dollarisation emerges as a byproduct of the adoption of the new technology, rather than a deliberate currency choice. In jurisdictions with weaker monetary credibility, residents may increasingly hold dollar-denominated claims, intensifying currency substitution and endangering monetary sovereignty by weakening the impact of domestic monetary policy and strengthening the role of the exchange rate for domestic inflation. But even for regions with strong monetary credibility, the persistent dominance of US dollar stablecoins could, over time, have undesirable consequences if it strengthens US dollar invoicing and global liquidity holdings. From a European perspective, this could eventually limit the euro's role in emerging forms of tokenised finance and in the international monetary system more generally.",243,usd,4,0,-1,0.4649263024330139,0.5019028782844543,0.03317077085375786,0,0,0.9352108836174011,0
S00634_P14,S00634,2026-06-01,Isabel Schnabel,From money market funds to stablecoins: lessons for central banks,"The appropriate response is therefore not to resist innovation but to ensure that it develops within a framework that preserves stability, monetary control and trust in the currency. First, as regards financial stability, the lesson from money market funds suggests that appropriately regulating stablecoins is critical to containing financial stability risks. This includes requirements concerning the quality and liquidity of reserves, transparency about reserve composition and valuation, and redemption safeguards.",70,general,3,1,-1,0.9270026087760925,0.055064085870981216,0.01793329231441021,-1,0,0.9512413144111633,-1
S00634_P15,S00634,2026-06-01,Isabel Schnabel,From money market funds to stablecoins: lessons for central banks,"Changes in the composition and stability of bank funding require close monitoring, as they may alter the strength and speed of monetary transmission. A shift towards more rate-sensitive and less stable funding can amplify the responsiveness of bank lending to policy changes, while shifts into and out of stablecoins in reaction to rate changes could have the opposite effect. Third, at the international level, central banks, alongside other players, should help ensure that the emerging tokenised financial system remains open and multi-currency in nature. However, as stressed by ECB President Lagarde in a recent speech, many of the advantages of stablecoins arise from the technology on which they are based rather than from the characteristics of the instrument itself. Hence, the appropriate strategic response of the Eurosystem lies in the continued digitalisation and technological development of the monetary and payment infrastructure. This is exactly the strategy the ECB has chosen in order to preserve the anchoring role of central bank money in an increasingly digitalised world: providing a public settlement asset that complements and enables private assets like tokenised deposits and stablecoins (Slide 14). The Eurosystem's strategy has two complementary dimensions: the digital euro as a retail central bank digital currency (CBDC) and tokenised central bank money as a wholesale CBDC.",211,general,0,3,1,0.25739026069641113,0.3013226091861725,0.44128721952438354,1,1,0.9523977637290955,1
S00634_P16,S00634,2026-06-01,Isabel Schnabel,From money market funds to stablecoins: lessons for central banks,"Tokenisation holds much promise to improve the efficiency of the financial and payment system, for example by removing settlement risk and allowing greater flexibility through 24/7 operations. But it still requires a safe, trusted and scalable public settlement asset - a function that private assets like stablecoins cannot fulfil in the same way. The Eurosystem is currently working on two projects that aim at providing tokenised wholesale central bank money: Pontes and Appia (Slide 17).",75,general,1,2,1,0.07773001492023468,0.8499330878257751,0.07233688980340958,0,1,0.9999655485153198,0
S00634_P17,S00634,2026-06-01,Isabel Schnabel,From money market funds to stablecoins: lessons for central banks,"Conclusion Let me conclude. In my remarks this morning I have described how the nature of money is changing and how one recent innovation - fiat-pegged stablecoins - may affect the core of central banks' business: monetary policy, financial stability and the international monetary order. While stablecoins promise efficiency improvements in the payment and settlement domain, much of these improvements derive from the underlying technology, not from the instrument itself. Therefore, the proper response by central banks is to keep up with technological innovation and define the framework in which private innovation can thrive. This helps ensure that new forms of private money, including stablecoins and tokenised deposits, complement rather than displace public money, preserving its central role as the ultimate settlement asset. It remains to be seen whether, in such an environment, stablecoins can find their place in the financial system just as money market funds did 50 years ago, or whether other innovations, like tokenised deposits, will prove to be the more promising alternative. In any case, as shown by the example of money market funds, innovation alone is not sufficient to guarantee lasting success.",187,general,0,10,1,0.10588902235031128,0.7848441004753113,0.10926686972379684,0,1,0.9999549388885498,0
S00634_P18,S00634,2026-06-01,Isabel Schnabel,From money market funds to stablecoins: lessons for central banks,"In the United States, the interest income earned by some stablecoin issuers is used for indirect remuneration, for example via profit-sharing arrangements. Indirect remuneration can arise when intermediaries such as crypto lending platforms, DeFi protocols or exchanges offer ""earn products"", which allow users to deposit stablecoins and receive a return. In the EU, indirect interest is prohibited under MiCAR.",59,usd,0,0,0,0.06548476219177246,0.9290555119514465,0.005459674634039402,0,0,0.9999200105667114,0
S00634_P19,S00634,2026-06-01,Isabel Schnabel,From money market funds to stablecoins: lessons for central banks,"This applies mainly for advanced and stable economies. For economies with high inflation and depreciating or volatile currencies, access to a strong currency via stablecoins can provide an attractive store of value. The cost advantage narrows substantially once one accounts for on- and off-ramping costs and foreign exchange conversion costs.",50,general,1,0,-1,0.020687969401478767,0.08664076030254364,0.8926712870597839,1,1,0.9999966621398926,1
S00634_P20,S00634,2026-06-01,Isabel Schnabel,From money market funds to stablecoins: lessons for central banks,"Aggregate deposits could also shrink, for example if stablecoins held their reserves in government securities bought from banks. Under MiCAR, the risk of a smaller deposit base is mitigated by requirements on minimum holdings of deposits with credit institutions.",39,general,1,0,-1,0.2872343957424164,0.7047330141067505,0.008032625541090965,0,0,0.9545565843582153,0
S00634_P21,S00634,2026-06-01,Isabel Schnabel,From money market funds to stablecoins: lessons for central banks,"An additional concern is distributional. The banks receiving stablecoin deposits are likely to be large wholesale banks, while deposits may flow out mainly from smaller banks, which are typically important lenders to SMEs. In quantitative terms, the redemptions from money market funds in 2008 were massive.",46,general,1,0,-1,0.8774416446685791,0.11587025970220566,0.006688121240586042,-1,-1,0.9999449253082275,-1
S00634_P22,S00634,2026-06-01,Isabel Schnabel,From money market funds to stablecoins: lessons for central banks,"Under MiCAR, having a large market size is one of the main criteria for classifying a stablecoin issuer as significant. Large market size is defined by market capitalisation, the value of tokens issued or the size of reserve assets exceeding EUR 5 billion. A recent paper has argued that EU regulation discourages the development of stablecoins in Europe and makes proposals how this could be changed, including by reducing the required share of reserves held as bank deposits, allowing for direct remuneration and giving stablecoins access to the ECB's balance sheet. See Reichlin, L., Sangers, B. and J.",98,general,0,0,0,0.5915408730506897,0.32979199290275574,0.07866711169481277,-1,0,0.9995853304862976,-1
S00634_P23,S00634,2026-06-01,Isabel Schnabel,From money market funds to stablecoins: lessons for central banks,"An even more extreme example is the collapse of TerraUSD, which was not backed by assets but relied on an algorithmic peg. In addition, increasing holdings of HQLA may become more difficult as stablecoins raise aggregate demand for HQLA, unless the supply of HQLA also expands. As a result, banks could curtail their loan supply. This would only happen if the net demand for government securities increased, which would not necessarily be the case, for example if the increase in stablecoin holdings was accompanied by a divestment from money market funds. The implications may extend beyond sovereign bond markets. In 2025, for example, Tether was a major buyer of gold and surpassed the largest official buyers, suggesting that large stablecoin issuers can affect prices across a wide set of safe assets if the sector continues to expand.",137,usd,1,0,-1,0.8917512893676758,0.10091688483953476,0.0073318155482411385,-1,-1,0.818242073059082,-1
S00639_P01,S00639,2026-06-15,Christine Lagarde,Money in transition,"Sending money abroad is still slow and costly, routed through long chains of correspondent banks. US dollar-denominated stablecoins are positioning themselves to move into that gap, promising to be faster and often cheaper than the current system. It remains to be seen whether the promise will be kept once end-to-end costs are factored in and compliance standards are brought up to those of regulated providers.",65,usd,0,3,1,0.08714974671602249,0.6619636416435242,0.25088658928871155,0,1,0.6582327485084534,0
S00640_P01,S00640,2026-06-19,Frank Elderson,Fireside chat,"With big tech mobile payment solutions, banks lose fees and data and, in some instances, even make losses. With stablecoins, they may lose fees, data and stable retail deposits. The digital euro enables banks to deliver payment services that meet the evolving needs of their clients in the digital age and ensures that banks are fairly compensated, pay fewer fees and keep retail deposits as an important funding source.",69,general,1,1,0,0.873580276966095,0.11441214382648468,0.012007576413452625,-1,-1,0.8668251037597656,-1
S00641_P01,S00641,2026-06-19,Piero Cipollone,The foundations of national sovereignty: the role of central bank money,"A broader market will increase demand for all types of tokenised settlement assets, including private ones. The system that will emerge from this will be similar to the current one, where tokenised central bank money will exist alongside private settlement assets, such as stablecoins and tokenised deposits. The Eurosystem is taking a gradual approach to this, with the aim of enabling Europe to harness the benefits of tokenisation and to promote the creation of an integrated European market for digital assets.",81,general,0,1,1,0.010595953091979027,0.8600056171417236,0.1293983906507492,0,1,0.9996337890625,0
S00641_P02,S00641,2026-06-19,Piero Cipollone,The foundations of national sovereignty: the role of central bank money,"I have already alluded to the fact that our monetary sovereignty would benefit from the euro having a stronger role on the global stage. However, the emergence of US dollar-denominated stablecoins has given rise to new concerns about the euro's role in cross-border transactions. In addition to their current use as settlement assets in decentralised finance, US dollar stablecoins aim to provide a digital dollar for global transactions. Stablecoins seem to be filling the gaps left by the retrenching of the ""correspondent banking"" model in recent years. According to Swift data, active correspondent banking relationships declined by 29% between January 2011 and December 2022. If US dollar-denominated stablecoins were to fill this gap, the euro's share of global export invoicing - which, at over 40%, is currently on a par with that of the US dollar - could be put under pressure. The Eurosystem has therefore also taken action in this area.",152,usd,2,1,-1,0.9578221440315247,0.030703376978635788,0.01147447433322668,-1,-1,0.9893510937690735,-1
S00647_P01,S00647,2026-07-17,Piero Cipollone,The cooperative spirit at the heart of the digital euro,"When their customers use mobile payments, banks typically pay higher fees than those associated with debit cards and often do not receive any information about the payment, so they lose both fees and data. If the use of stablecoins increases in the future, banks will also lose retail deposits. The second relates to infrastructure.",54,general,0,0,0,0.6817219257354736,0.2959243655204773,0.02235369011759758,-1,-1,0.9996581077575684,-1
S00649_P01,S00649,2026-08-26,Piero Cipollone,From vision to delivery: building Europe's tokenised financial market,"The EU co-legislators are discussing the legislative proposal to extend and enhance the DLT Pilot Regime. At the same time, the European Commission has launched a consultation to assess whether and how the Markets in Crypto-Assets Regulation should be fine-tuned, drawing on the experience gained in its first years of application. The Eurosystem is also making quick progress.",58,general,0,1,1,0.08969104290008545,0.8368434906005859,0.07346545904874802,0,1,0.9997943043708801,0
S00649_P02,S00649,2026-08-26,Piero Cipollone,From vision to delivery: building Europe's tokenised financial market,"It aims to deliver a blueprint for an integrated, European tokenised financial ecosystem in 2028. Put simply, Pontes builds bridges by offering digital finance a safe settlement asset and by making private settlement assets mutually convertible - enabling, for example, tokenised deposits to be transferred between banks or stablecoins to be settled in fiat currency directly via DLT. Appia paves the way for a single European market for tokenised assets, but we have not predetermined what the architecture for that will actually look like.",84,general,0,0,0,0.0324937105178833,0.7431785464286804,0.22432774305343628,0,0,0.9004995226860046,0
S00650_P01,S00650,2026-08-28,Isabel Schnabel,Central banks on-chain,"Drawing on the work currently underway in the euro area, I would like to explore three key questions. First, is central bank money critical for the development of tokenised finance, or could well-designed stablecoins take over the role of a safe settlement asset? My conclusion is very much in line with Darrell's: stablecoins are dominated by settlement solutions based on central bank money, reflecting in part the unique ability of central banks to elastically provide liquidity. Second, should central bank money remain outside of distributed ledger platforms, whether by relying on private intermediaries or on bridge solutions?",97,general,0,0,0,0.2400321215391159,0.6796807050704956,0.08028718084096909,0,0,0.9988204836845398,0
S00650_P02,S00650,2026-08-28,Isabel Schnabel,Central banks on-chain,It is therefore closely aligned with the objectives of the European savings and investments union. Stablecoins cannot be a substitute for central bank money in settlement A prerequisite for unlocking the benefits of tokenisation is the availability of a trusted settlement asset within a tokenised environment. Modern fiat monetary systems are built on a two-tier structure: central banks issue the ultimate settlement asset for wholesale financial transactions - central bank money - while commercial banks issue money-like claims that circulate at par (Slide 4).,84,general,0,1,1,0.4481247365474701,0.4664973318576813,0.08537792414426804,0,0,0.9999639987945557,0
S00650_P03,S00650,2026-08-28,Isabel Schnabel,Central banks on-chain,"This is where Darrel's work comes in. He discusses two different settlement assets for tokenised finance: stablecoins and central bank reserves. To see why central bank reserves remain superior to stablecoins as a settlement asset, it is helpful to recall the two fundamental criteria a settlement asset must satisfy. First, it must be safe - that is, free of credit, liquidity and redemption risk.",64,general,1,0,-1,0.19927223026752472,0.7511454820632935,0.04958230257034302,0,0,0.9772276282310486,0
S00650_P04,S00650,2026-08-28,Isabel Schnabel,Central banks on-chain,"And second, its supply must be able to expand elastically in response to changes in liquidity demand. Darrell's proposal of a floating-rate government security-backed coin shows that a stablecoin could, in principle, satisfy the first criterion - it could be designed in an almost perfectly safe way with zero credit and duration risk. But a stablecoin issuer has no independent capacity to meet the second criterion: the ability to expand liquidity elastically, especially during periods of stress when funding markets experience strains and confidence shifts abruptly. This is not a new problem.",92,general,1,0,-1,0.4943006634712219,0.46423566341400146,0.04146363213658333,-1,1,0.8266391754150391,-1
S00650_P05,S00650,2026-08-28,Isabel Schnabel,Central banks on-chain,"This is what establishes the credibility of par convertibility - the singleness of money - between the deposits of different commercial banks. In this sense, Darrell rightly recognises that stablecoins cannot replace central bank reserves as the economy's ultimate settlement asset. Stablecoins are best understood as complements to central bank money, not substitutes for it. If designed and regulated appropriately, they can broaden the set of payment instruments available to households and firms and support new forms of digital economic activity.",81,general,0,1,1,0.06654299795627594,0.5823078751564026,0.3511491119861603,0,0,0.5156306624412537,0
S00650_P06,S00650,2026-08-28,Isabel Schnabel,Central banks on-chain,"As a result, under a unified ledger it becomes difficult to identify a compelling role for new forms of private money for domestic payment purposes. If tokenised commercial bank deposits can be programmed, settle in central bank money and interoperate seamlessly with tokenised assets, they provide the key functionalities that stablecoins are intended to offer. In the euro area, Project Appia is exploring these architectural choices, which will help inform the further development of the Eurosystem's Project Pontes, which is already putting some of these concepts into operation.",88,general,0,1,1,0.03951000049710274,0.6093285083770752,0.3511614501476288,0,0,0.9984549283981323,0
S00650_P07,S00650,2026-08-28,Isabel Schnabel,Central banks on-chain,"In practice, of course, most stablecoins are not perfectly safe and face credit, liquidity and valuation risk. See Schnabel, I.",20,general,1,0,-1,0.42404961585998535,0.4919409155845642,0.08400940895080566,0,0,0.9202809929847717,0
S00650_P08,S00650,2026-08-28,Isabel Schnabel,Central banks on-chain,Stablecoins may retain some benefits as freely transferable digital instruments that are not tied to a particular commercial bank or banking relationship.,22,general,0,1,1,0.17945316433906555,0.6432896852493286,0.1772572100162506,0,1,0.9929393529891968,0
